GAME_DATE,Player_Name,Opp,Line_Type,Line,Prediction,Weighted Proba,Pred Proba,Model Precision,Booster?
2/7/2024,Evan Mobley,WAS,TOV,1.5,Under,1,1,1,0
2/7/2024,Jarrett Allen,WAS,REB,11.5,Under,0.973913,1,0.913043,0
2/7/2024,Jarrett Allen,WAS,PTS,16.5,Under,0.973859,0.999922,0.913043,0
2/7/2024,Tre Jones,MIA,AST,7.5,Under,0.965116,1,0.883721,0
2/7/2024,Harrison Barnes,DET,PTS,15.5,Under,0.963415,1,0.878049,0
2/7/2024,Kelly Oubre Jr.,GSW,PTS,16.5,Under,0.957143,1,0.857143,0
2/7/2024,Tyus Jones,CLE,REB,2.5,Under,0.957062,0.999885,0.857143,0
2/7/2024,Nick Richards,TOR,PTS,12.5,Under,0.952632,1,0.842105,0
2/7/2024,Nick Richards,TOR,REB,9.5,Under,0.95,1,0.833333,0
2/7/2024,Brandon Miller,TOR,PTS,21.5,Under,0.95,1,0.833333,0
2/7/2024,Tobias Harris,GSW,REB,6.5,Under,0.949598,0.996875,0.839286,0
2/7/2024,Victor Wembanyama,MIA,PTS,20.5,Under,0.948276,1,0.827586,0
2/7/2024,Tre Jones,MIA,PTS,10.5,Under,0.9475,1,0.825,0
2/7/2024,Klay Thompson,PHI,REB,3.5,Under,0.947059,1,0.823529,0
2/7/2024,Kevin Huerter,DET,AST,3.5,Under,0.946592,0.999893,0.822222,0
2/7/2024,Jimmy Butler,SAS,REB,5.5,Under,0.946429,1,0.821429,0
2/7/2024,Andrew Wiggins,PHI,REB,4.5,Under,0.946154,1,0.820513,0
2/7/2024,Donovan Mitchell,WAS,TOV,2.5,Over,0.943217,0.988006,0.83871,0
2/7/2024,Donovan Mitchell,WAS,PTS,26.5,Under,0.941667,1,0.805556,0
2/7/2024,Tyrese Maxey,GSW,AST,3.2,Over,0.941667,1,0.805556,0
2/7/2024,Ivica Zubac,NOP,REB,9.5,Under,0.94,1,0.8,0
2/7/2024,Darius Garland,WAS,PTS,18.5,Under,0.94,1,0.8,0
2/7/2024,Kevin Huerter,DET,PTS,12.5,Under,0.939707,0.987337,0.828571,0
2/7/2024,Tre Jones,MIA,REB,3.5,Under,0.938462,1,0.794872,0
2/7/2024,Jordan Poole,CLE,TOV,1.5,Under,0.93006,0.9858,0.8,0
2/7/2024,Jrue Holiday,ATL,TOV,1.5,Over,0.928947,1,0.763158,0
2/7/2024,Domantas Sabonis,DET,AST,9.5,Under,0.928571,1,0.761905,0
2/7/2024,Klay Thompson,PHI,PTS,16.5,Under,0.92499,0.999986,0.75,0
2/7/2024,Kelly Oubre Jr.,GSW,FG3M,1.5,Over,0.919231,1,0.730769,0
2/7/2024,Jrue Holiday,ATL,PTS,12.5,Under,0.91875,1,0.729167,0
2/7/2024,Jayson Tatum,ATL,TOV,2.5,Under,0.917647,1,0.72549,0
2/7/2024,Keegan Murray,DET,PTS,15.5,Under,0.917241,1,0.724138,0
2/7/2024,Kyle Kuzma,CLE,REB,6.5,Under,0.917241,1,0.724138,0
2/7/2024,Dejounte Murray,BOS,PTS,20.5,Under,0.91717,0.999898,0.724138,0
2/7/2024,Kristaps Porzingis,ATL,BLK,1.5,Over,0.916667,1,0.722222,0
2/7/2024,Jordan Poole,CLE,AST,4.5,Over,0.913171,0.998407,0.714286,1
2/7/2024,Stephen Curry,PHI,PTS,28.5,Under,0.905891,0.998563,0.689655,0
2/7/2024,Kyle Kuzma,CLE,PTS,21.5,Under,0.905749,0.996308,0.694444,0
2/7/2024,Trae Young,BOS,REB,2.5,Under,0.905714,1,0.685714,0
2/7/2024,Tyler Herro,SAS,PTS,17.5,Under,0.904692,0.935275,0.833333,0
2/7/2024,Tyler Herro,SAS,AST,4.5,Under,0.904,1,0.68,0
2/7/2024,Kyle Kuzma,CLE,AST,3.5,Under,0.9,1,0.666667,0
2/7/2024,Saddiq Bey,BOS,PTS,12.5,Over,0.9,1,0.666667,0
2/7/2024,Paul George,NOP,TOV,1.5,Under,0.9,1,0.666667,0
2/7/2024,Kyle Kuzma,CLE,STL,0.5,Under,0.899252,0.984646,0.7,0
2/7/2024,Zion Williamson,LAC,TOV,2.5,Under,0.896139,0.999979,0.653846,0
2/7/2024,Cade Cunningham,SAC,FG3M,1.5,Over,0.895652,1,0.652174,0
2/7/2024,Kristaps Porzingis,ATL,PTS,19.5,Under,0.894304,0.917187,0.840909,0
2/7/2024,Domantas Sabonis,DET,BLK,0.5,Under,0.892857,1,0.642857,0
2/7/2024,Jrue Holiday,ATL,AST,4.5,Over,0.891667,1,0.638889,0
2/7/2024,Andrew Wiggins,PHI,PTS,11.5,Under,0.891541,0.984055,0.675676,0
2/7/2024,Derrick White,ATL,PTS,14.5,Under,0.890909,1,0.636364,0
2/7/2024,Saddiq Bey,BOS,TOV,0.5,Over,0.88903,0.945367,0.757576,0
2/7/2024,Max Strus,WAS,PTS,9.5,Under,0.888511,0.993792,0.642857,0
2/7/2024,Herbert Jones,LAC,PTS,9.5,Under,0.8875,1,0.625,0
2/7/2024,Victor Wembanyama,MIA,STL,1.5,Over,0.8875,1,0.625,1
2/7/2024,Tyus Jones,CLE,PTS,11.5,Under,0.886781,0.972187,0.6875,0
2/7/2024,Daniel Gafford,CLE,REB,7.5,Under,0.886207,1,0.62069,0
2/7/2024,Paul George,NOP,AST,2.5,Under,0.885714,1,0.619048,0
2/7/2024,Dejounte Murray,BOS,REB,4.5,Under,0.884812,0.978303,0.666667,0
2/7/2024,Jalen Johnson,BOS,REB,8.5,Under,0.884615,1,0.615385,0
2/7/2024,Terance Mann,NOP,TOV,0.5,Under,0.883333,1,0.611111,0
2/7/2024,Bam Adebayo,SAS,AST,3.5,Under,0.882143,1,0.607143,0
2/7/2024,De'Aaron Fox,DET,PTS,26.5,Under,0.881339,0.973342,0.666667,0
2/7/2024,Saddiq Bey,BOS,REB,5.5,Under,0.87999,0.999986,0.6,0
2/7/2024,Kawhi Leonard,NOP,PTS,27.5,Under,0.879604,0.955419,0.702703,0
2/7/2024,Draymond Green,PHI,STL,0.5,Under,0.87891,0.939796,0.736842,0
2/7/2024,Immanuel Quickley,CHA,STL,0.5,Under,0.876108,0.998337,0.590909,0
2/7/2024,Saddiq Bey,BOS,FG3M,1.5,Over,0.867647,1,0.558824,0
2/7/2024,Deni Avdija,CLE,AST,3.5,Under,0.867172,0.903996,0.78125,0
2/7/2024,Deni Avdija,CLE,REB,6.5,Under,0.865461,0.920046,0.738095,0
2/7/2024,Evan Mobley,WAS,STL,0.5,Over,0.863636,1,0.545455,0
2/7/2024,James Harden,NOP,PTS,17.5,Over,0.861538,1,0.538462,0
2/7/2024,Miles Bridges,TOR,BLK,0.5,Under,0.858824,1,0.529412,0
2/7/2024,Jonathan Kuminga,PHI,REB,3.5,Over,0.856522,1,0.521739,0
2/7/2024,Jaylen Brown,ATL,REB,5.5,Over,0.854986,0.904638,0.73913,0
2/7/2024,Jimmy Butler,SAS,PTS,20.5,Under,0.851069,0.930099,0.666667,0
2/7/2024,Trae Young,BOS,PTS,24.5,Over,0.84328,0.999717,0.478261,0
2/7/2024,Terance Mann,NOP,REB,2.5,Under,0.842075,0.878289,0.757576,0
2/7/2024,Herbert Jones,LAC,FG3M,2.5,Over,0.841651,0.988073,0.5,1
2/7/2024,Jordan Poole,CLE,FG3M,1.5,Over,0.839277,0.999987,0.464286,0
2/7/2024,Zion Williamson,LAC,PTS,20.5,Under,0.837505,0.98215,0.5,0
2/7/2024,De'Aaron Fox,DET,AST,4.5,Under,0.835209,0.91887,0.64,0
2/7/2024,Terance Mann,NOP,PTS,6.5,Over,0.832817,0.975453,0.5,0
2/7/2024,Domantas Sabonis,DET,PTS,19.5,Over,0.831692,0.985124,0.473684,0
2/7/2024,Jayson Tatum,ATL,PTS,27.5,Over,0.83125,1,0.4375,0
2/7/2024,Daniel Gafford,CLE,PTS,9.5,Under,0.830435,1,0.434783,0
2/7/2024,Tyrese Maxey,GSW,PTS,28.5,Under,0.830255,0.83914,0.809524,0
2/7/2024,James Harden,NOP,REB,4.5,Over,0.828571,1,0.428571,0
2/7/2024,Tyler Herro,SAS,TOV,1.5,Under,0.828571,1,0.428571,0
2/7/2024,Evan Mobley,WAS,PTS,13.5,Over,0.824964,0.999949,0.416667,0
2/7/2024,Jakob Poeltl,CHA,STL,0.5,Under,0.824701,0.892431,0.666667,0
2/7/2024,Ivica Zubac,NOP,PTS,8.5,Over,0.821098,0.900269,0.636364,0
2/7/2024,Jimmy Butler,SAS,TOV,1.5,Over,0.818886,0.90198,0.625,0
2/7/2024,Cade Cunningham,SAC,AST,6.5,Over,0.818404,0.990577,0.416667,0
2/7/2024,Tre Jones,MIA,FG3M,0.5,Over,0.815385,1,0.384615,0
2/7/2024,Devin Vassell,MIA,FG3M,2.5,Over,0.812422,0.999889,0.375,0
2/7/2024,Evan Mobley,WAS,AST,2.5,Over,0.811664,0.945235,0.5,0
2/7/2024,Onyeka Okongwu,BOS,PTS,10.5,Over,0.809091,1,0.363636,0
2/7/2024,Jeremy Sochan,MIA,PTS,11.5,Under,0.798812,0.816038,0.758621,0
2/7/2024,Kelly Oubre Jr.,GSW,BLK,0.5,Under,0.795455,1,0.318182,0
2/7/2024,Deni Avdija,CLE,PTS,12.5,Over,0.792308,1,0.307692,0
2/7/2024,Jordan Poole,CLE,PTS,14.5,Over,0.79,1,0.3,0
2/7/2024,Onyeka Okongwu,BOS,STL,0.5,Over,0.789976,0.999965,0.3,0
2/7/2024,Klay Thompson,PHI,STL,0.5,Over,0.781608,0.902298,0.5,0
2/7/2024,James Harden,NOP,FG3M,4.5,Over,0.775,1,0.25,1
2/7/2024,Jalen Johnson,BOS,BLK,0.5,Over,0.766185,0.747611,0.809524,0
2/7/2024,Jaylen Brown,ATL,PTS,21.5,Under,0.762468,0.806773,0.659091,0
2/7/2024,Kawhi Leonard,NOP,STL,1.5,Over,0.762456,0.823917,0.619048,0
2/7/2024,Jalen Johnson,BOS,PTS,14.5,Over,0.75,1,0.166667,0
2/7/2024,Scottie Barnes,CHA,PTS,20.5,Under,0.735995,0.74691,0.710526,0
2/7/2024,Immanuel Quickley,CHA,PTS,16.5,Over,0.718638,0.998054,0.066667,0
2/7/2024,Draymond Green,PHI,AST,6.5,Under,0.707565,0.748903,0.611111,0
2/7/2024,Ivica Zubac,NOP,TOV,0.5,Over,0.707092,0.699787,0.724138,0
2/7/2024,Jonathan Kuminga,PHI,PTS,19.5,Over,0.705097,0.792995,0.5,0
2/7/2024,Stephen Curry,PHI,STL,0.5,Under,0.698426,0.740608,0.6,0
2/7/2024,Jakob Poeltl,CHA,TOV,1.5,Under,0.640018,0.580978,0.777778,0
2/7/2024,Derrick White,ATL,FG3M,2.5,Under,0.625736,0.587786,0.714286,0
2/7/2024,Scottie Barnes,CHA,REB,7.5,Over,0.625197,0.613635,0.652174,0
2/7/2024,RJ Barrett,CHA,PTS,20.5,Under,0.618476,0.583537,0.7,0
2/7/2024,Andrew Wiggins,PHI,BLK,0.5,Over,0.606158,0.651655,0.5,0
2/7/2024,Devin Vassell,MIA,PTS,20.5,Under,0.587751,0.492153,0.810811,0
2/7/2024,Miles Bridges,TOR,FG3M,2.5,Under,0.577182,0.567403,0.6,0
2/7/2024,Jeremy Sochan,MIA,STL,0.5,Over,0.559126,0.513037,0.666667,0
2/7/2024,Jakob Poeltl,CHA,PTS,10.5,Over,0.515422,0.414889,0.75,0
2/7/2024,Paul George,NOP,PTS,20.5,Over,0.51095,0.466192,0.615385,0
2/7/2024,Terance Mann,NOP,FG3M,1.5,Over,0.379882,0.221259,0.75,1
2/7/2024,Jaylen Brown,ATL,FG3M,1.5,Under,0.314109,0.127298,0.75,0
2/7/2024,Tyrese Maxey,GSW,FG3M,4.5,Over,0.3,0,1,1
2/7/2024,Miles Bridges,TOR,PTS,24.5,Under,0.247076,0.000025,0.823529,0
2/7/2024,Klay Thompson,PHI,AST,2.5,Under,0.242857,0,0.809524,0
2/7/2024,Derrick White,ATL,REB,3.5,Under,0.235714,0,0.785714,0
2/7/2024,Cade Cunningham,SAC,PTS,23.5,Under,0.225563,0.010545,0.727273,0
2/7/2024,Zion Williamson,LAC,REB,7.5,Over,0.225,0,0.75,1
2/7/2024,Scottie Barnes,CHA,FG3M,2.5,Over,0.214823,0.221175,0.2,1
2/7/2024,Jayson Tatum,ATL,FG3M,4.5,Over,0.200171,0.000244,0.666667,1
2/7/2024,Bam Adebayo,SAS,REB,14.5,Over,0.2,0,0.666667,1
2/7/2024,RJ Barrett,CHA,STL,0.5,Under,0.195178,0.095152,0.428571,0
2/7/2024,Scottie Barnes,CHA,STL,1.5,Over,0.192868,0.000016,0.642857,1
2/7/2024,Bam Adebayo,SAS,PTS,17.5,Over,0.192857,0,0.642857,0
2/7/2024,Klay Thompson,PHI,FG3M,4.5,Over,0.185502,0.193574,0.166667,1
2/7/2024,James Harden,NOP,AST,8.5,Under,0.184615,0,0.615385,0
2/7/2024,Paul George,NOP,REB,4.5,Over,0.180041,0.000058,0.6,0
2/7/2024,Jalen Johnson,BOS,AST,4.5,Over,0.18,0,0.6,1
2/7/2024,Herbert Jones,LAC,REB,4.5,Over,0.18,0,0.6,1
2/7/2024,Jeremy Sochan,MIA,REB,5.5,Under,0.172727,0,0.575758,0
2/7/2024,Bam Adebayo,SAS,STL,1.5,Over,0.133333,0,0.444444,1
2/7/2024,Tyus Jones,CLE,BLK,0.5,Over,0.113812,0.001874,0.375,1
2/7/2024,Trae Young,BOS,BLK,0.5,Over,0.080911,0.008445,0.25,1
2/7/2024,RJ Barrett,CHA,FG3M,2.5,Over,0.075,0,0.25,1
2/7/2024,Paul George,NOP,FG3M,4.5,Over,0.043788,0.00133,0.142857,1
2/7/2024,Trae Young,BOS,FG3M,4.5,Over,0.033336,0.000004,0.111111,1
2/7/2024,Kristaps Porzingis,ATL,DD2,0.5,Over,0.00962,0.013743,0,1
2/7/2024,De'Aaron Fox,DET,REB,5.5,Over,0.003171,0.004529,0,1
2/7/2024,Jayson Tatum,ATL,REB,11.5,Over,0.000034,0.000049,0,1
2/7/2024,Jakob Poeltl,CHA,REB,11.5,Over,0,0,0,1
2/7/2024,Miles Bridges,TOR,REB,9.5,Over,0,0,0,1
2/7/2024,Immanuel Quickley,CHA,FG3M,3.5,Over,0,0,0,1
2/7/2024,Dejounte Murray,BOS,AST,7.5,Over,0,0,0,1
2/7/2024,Kyle Kuzma,CLE,DD2,0.5,Over,0,0,0,1
2/7/2024,Kawhi Leonard,NOP,FG3M,4.5,Over,0,0,0,1
2/7/2024,Cade Cunningham,SAC,REB,5.5,Under,0,0,0,1
2/7/2024,RJ Barrett,CHA,AST,4.5,Under,0,0,0,1
2/7/2024,Tyus Jones,CLE,AST,9.5,Under,0,0,0,1
2/7/2024,Onyeka Okongwu,BOS,DD2,0.5,Under,0,0,0,1
2/6/2024,Tyrese Haliburton,HOU,PTS,13.5,Over,0.988,1,0.96,0
2/6/2024,Aaron Nesmith,HOU,PTS,14.5,Over,0.947826,1,0.826087,0
2/6/2024,Coby White,MIN,PTS,22.5,Under,0.935714,1,0.785714,0
2/6/2024,Pascal Siakam,HOU,PTS,21.5,Under,0.925,1,0.75,0
2/6/2024,Giannis Antetokounmpo,PHX,PTS,32.5,Under,0.916666,1,0.722222,0
2/6/2024,Khris Middleton,PHX,PTS,16.5,Under,0.91,1,0.7,0
2/6/2024,Collin Sexton,OKC,PTS,19.5,Over,0.905714,1,0.685714,0
2/6/2024,Lauri Markkanen,OKC,PTS,23.5,Over,0.902941,1,0.676471,0
2/6/2024,Luguentz Dort,UTA,PTS,12.5,Under,0.895652,1,0.652174,0
2/6/2024,Kelly Olynyk,OKC,PTS,6.5,Over,0.892308,1,0.641026,0
2/6/2024,Devin Booker,MIL,PTS,27.5,Over,0.890909,1,0.636364,0
2/6/2024,Jusuf Nurkic,MIL,PTS,12.5,Under,0.889023,0.997306,0.636364,0
2/6/2024,Jabari Smith Jr.,IND,REB,6.5,Over,0.8875,1,0.625,0
2/6/2024,Kevin Durant,MIL,PTS,25.5,Under,0.887498,0.999997,0.625,0
2/6/2024,Khris Middleton,PHX,REB,5.5,Under,0.88,1,0.6,0
2/6/2024,Jalen Green,IND,PTS,20.5,Under,0.875079,0.985406,0.617647,0
2/6/2024,Nic Claxton,DAL,REB,12.5,Under,0.873684,1,0.578947,0
2/6/2024,Giannis Antetokounmpo,PHX,AST,6.5,Over,0.871429,1,0.571429,0
2/6/2024,Chet Holmgren,UTA,PTS,18.5,Under,0.868,1,0.56,0
2/6/2024,Alperen Sengun,IND,PTS,23.5,Under,0.864269,0.994669,0.56,0
2/6/2024,Luka Doncic,BKN,PTS,33.5,Under,0.862458,0.964226,0.625,0
2/6/2024,Wendell Carter Jr.,MIA,PTS,10.5,Over,0.849766,0.969053,0.571429,0
2/6/2024,Andrew Nembhard,HOU,PTS,10.5,Under,0.841176,1,0.470588,0
2/6/2024,Jordan Clarkson,OKC,PTS,16.5,Under,0.835,1,0.45,0
2/6/2024,Ayo Dosunmu,MIN,PTS,12.5,Over,0.833333,1,0.444444,0
2/6/2024,Wendell Carter Jr.,MIA,REB,7.5,Under,0.828571,1,0.428571,0
2/6/2024,Alex Caruso,MIN,PTS,10.5,Under,0.82,1,0.4,0
2/6/2024,Nikola Vucevic,MIN,PTS,15.5,Over,0.805882,1,0.352941,0
2/6/2024,Alperen Sengun,IND,REB,9.5,Over,0.799997,0.999996,0.333333,0
2/6/2024,Jusuf Nurkic,MIL,REB,10.5,Under,0.79999,0.999985,0.333333,0
2/6/2024,Myles Turner,HOU,PTS,14.5,Under,0.798119,0.883027,0.6,0
2/6/2024,Brook Lopez,PHX,PTS,12.5,Over,0.775,1,0.25,0
2/6/2024,Chet Holmgren,UTA,REB,7.5,Over,0.766667,1,0.222222,0
2/6/2024,Damian Lillard,PHX,REB,3.5,Over,0.7,1,0,0
2/6/2024,Markelle Fultz,MIA,PTS,9.5,Under,0.7,1,0,0
2/6/2024,Tyler Herro,ORL,PTS,16.5,Under,0.699988,0.999983,0,0
2/6/2024,Nic Claxton,DAL,PTS,14.5,Under,0.680567,0.692019,0.653846,0
2/6/2024,Jimmy Butler,ORL,REB,4.5,Over,0.522604,0.440455,0.714286,0
2/6/2024,Paolo Banchero,MIA,PTS,22.5,Under,0.463376,0.368733,0.684211,0
2/6/2024,Jimmy Butler,ORL,PTS,19.5,Over,0.419025,0.384321,0.5,0
2/6/2024,Bam Adebayo,ORL,PTS,17.5,Under,0.412912,0.589874,0,0
2/6/2024,Bradley Beal,MIL,PTS,19.5,Under,0.348354,0.283363,0.5,0
2/6/2024,Damian Lillard,PHX,AST,6.5,Over,0.346156,0.151651,0.8,0
2/6/2024,Kevin Durant,MIL,AST,7.5,Over,0.315187,0.021696,1,1
2/6/2024,Brook Lopez,PHX,REB,7.5,Over,0.302567,0.003667,1,1
2/6/2024,Josh Green,BKN,PTS,11.5,Over,0.300401,0.000573,1,0
2/6/2024,Jordan Clarkson,OKC,AST,4.5,Over,0.297743,0.044394,0.888889,0
2/6/2024,Malik Beasley,PHX,PTS,10.5,Over,0.295227,0.221753,0.466667,0
2/6/2024,Shai Gilgeous-Alexander,UTA,PTS,32.5,Over,0.269712,0.27816,0.25,0
2/6/2024,Kelly Olynyk,OKC,REB,4.5,Over,0.257155,0.000018,0.857143,0
2/6/2024,Walker Kessler,OKC,PTS,7.5,Under,0.24,0,0.8,0
2/6/2024,Giannis Antetokounmpo,PHX,REB,10.5,Under,0.24,0,0.8,0
2/6/2024,Kyrie Irving,BKN,PTS,24.5,Over,0.23213,0.063757,0.625,0
2/6/2024,Lauri Markkanen,OKC,REB,8.5,Under,0.225906,0.001294,0.75,0
2/6/2024,Collin Sexton,OKC,AST,5.5,Under,0.223478,0.104968,0.5,0
2/6/2024,Kevin Durant,MIL,REB,6.5,Over,0.209316,0.127594,0.4,0
2/6/2024,Grayson Allen,MIL,PTS,12.5,Under,0.208504,0.047863,0.583333,0
2/6/2024,Franz Wagner,MIA,PTS,20.5,Under,0.2,0,0.666667,0
2/6/2024,Kelly Olynyk,OKC,AST,3.5,Over,0.2,0,0.666667,0
2/6/2024,DeMar DeRozan,MIN,PTS,23.5,Under,0.190909,0,0.636364,0
2/6/2024,Mikal Bridges,DAL,PTS,23.5,Under,0.178125,0,0.59375,0
2/6/2024,Dillon Brooks,IND,PTS,12.5,Under,0.175,0,0.583333,0
2/6/2024,Damian Lillard,PHX,PTS,23.5,Under,0.169589,0.011501,0.538462,0
2/6/2024,Keyonte George,OKC,PTS,10.5,Over,0.163636,0,0.545455,0
2/6/2024,Jabari Smith Jr.,IND,PTS,11.5,Over,0.156522,0,0.521739,0
2/6/2024,Cameron Johnson,DAL,PTS,14.5,Over,0.153084,0.004406,0.5,0
2/6/2024,Simone Fontecchio,OKC,PTS,7.5,Under,0.15,0,0.5,0
2/6/2024,John Collins,OKC,PTS,13.5,Under,0.15,0,0.5,0
2/6/2024,John Collins,OKC,REB,7.5,Under,0.15,0,0.5,0
2/6/2024,Alperen Sengun,IND,AST,5.5,Under,0.120637,0.00091,0.4,0
2/6/2024,Paolo Banchero,MIA,AST,4.5,Over,0.12,0,0.4,0
2/6/2024,Paolo Banchero,MIA,REB,6.5,Under,0.117298,0.006854,0.375,0
2/6/2024,Bradley Beal,MIL,REB,4.5,Over,0.109638,0.013768,0.333333,0
2/6/2024,Ayo Dosunmu,MIN,REB,3.5,Under,0.092308,0,0.307692,0
2/6/2024,Coby White,MIN,REB,4.5,Over,0.081818,0,0.272727,0
2/6/2024,Devin Booker,MIL,REB,4.5,Under,0.003115,0.00445,0,0
2/6/2024,Nikola Vucevic,MIN,AST,4.5,Over,0.000171,0.000244,0,1
2/6/2024,Luka Doncic,BKN,FG3M,3.5,Over,0.000028,0.00004,0,0
2/6/2024,Jalen Suggs,MIA,REB,3.5,Under,0.000004,0.000006,0,0
2/6/2024,Franz Wagner,MIA,AST,5.5,Over,0,0,0,1
2/6/2024,Coby White,MIN,FG3M,4.5,Over,0,0,0,1
2/6/2024,Walker Kessler,OKC,REB,6.5,Under,0,0,0,0
2/6/2024,DeMar DeRozan,MIN,AST,7.5,Under,0,0,0,1
2/6/2024,Tyler Herro,ORL,AST,4.5,Under,0,0,0,1
2/6/2024,Chet Holmgren,UTA,BLK,2.5,Under,0,0,0,0
2/6/2024,Simone Fontecchio,OKC,REB,3.5,Under,0,0,0,0
2/6/2024,Collin Sexton,OKC,REB,2.5,Under,0,0,0,0
2/6/2024,Dillon Brooks,IND,FG3M,2.5,Under,0,0,0,1
2/5/2024,Tyrese Haliburton,HOU,PTS,13.5,Over,0.97551,1,0.918367,0
2/5/2024,Nic Claxton,DAL,REB,12.5,Under,0.967857,1,0.892857,0
2/5/2024,Simone Fontecchio,OKC,REB,3.5,Over,0.958333,1,0.861111,0
2/5/2024,John Collins,OKC,STL,0.5,Over,0.957143,1,0.857143,0
2/5/2024,Jordan Clarkson,OKC,PTS,16.5,Under,0.954545,1,0.848485,0
2/5/2024,Jordan Clarkson,OKC,AST,4.5,Over,0.947521,0.998201,0.829268,0
2/5/2024,Collin Sexton,OKC,AST,5.5,Over,0.945704,0.996325,0.827586,0
2/5/2024,John Collins,OKC,PTS,13.5,Over,0.94478,0.999832,0.816327,0
2/5/2024,Jordan Clarkson,OKC,FG3M,1.5,Under,0.944186,1,0.813953,0
2/5/2024,Myles Turner,HOU,PTS,14.5,Over,0.941935,1,0.806452,0
2/5/2024,Myles Turner,HOU,TOV,1.5,Under,0.939996,0.999994,0.8,0
2/5/2024,Keyonte George,OKC,AST,2.5,Over,0.937736,1,0.792453,0
2/5/2024,Collin Sexton,OKC,PTS,19.5,Over,0.935135,1,0.783784,0
2/5/2024,Mikal Bridges,DAL,PTS,23.5,Under,0.934146,1,0.780488,0
2/5/2024,Kevin Durant,MIL,PTS,25.5,Under,0.933331,0.999997,0.777778,0
2/5/2024,Brook Lopez,PHX,PTS,12.5,Under,0.930514,0.998136,0.772727,0
2/5/2024,Tyler Herro,ORL,PTS,16.5,Over,0.927586,1,0.758621,0
2/5/2024,Lauri Markkanen,OKC,PTS,23.5,Over,0.927027,1,0.756757,0
2/5/2024,Andrew Nembhard,HOU,PTS,10.5,Under,0.921429,1,0.738095,0
2/5/2024,Bradley Beal,MIL,REB,4.5,Under,0.921053,1,0.736842,0
2/5/2024,Nic Claxton,DAL,PTS,14.5,Under,0.918147,0.999951,0.727273,0
2/5/2024,Ayo Dosunmu,MIN,TOV,1.5,Under,0.916667,1,0.722222,0
2/5/2024,Giannis Antetokounmpo,PHX,REB,10.5,Under,0.916666,1,0.722222,0
2/5/2024,Kelly Olynyk,OKC,REB,4.5,Under,0.916644,0.999968,0.722222,0
2/5/2024,Nikola Vucevic,MIN,DD2,0.5,Over,0.915984,0.999977,0.72,0
2/5/2024,Luguentz Dort,UTA,PTS,12.5,Under,0.915625,1,0.71875,0
2/5/2024,Keyonte George,OKC,PTS,10.5,Over,0.915385,1,0.717949,0
2/5/2024,Kelly Olynyk,OKC,PTS,6.5,Over,0.915217,1,0.717391,0
2/5/2024,Josh Green,BKN,STL,0.5,Under,0.911634,0.980906,0.75,0
2/5/2024,Pascal Siakam,HOU,PTS,21.5,Under,0.911364,1,0.704545,0
2/5/2024,Bam Adebayo,ORL,PTS,17.5,Over,0.910931,0.958473,0.8,0
2/5/2024,Franz Wagner,MIA,FG3M,1.5,Over,0.909915,0.999879,0.7,0
2/5/2024,Jalen Green,IND,PTS,20.5,Under,0.909091,1,0.69697,0
2/5/2024,John Collins,OKC,REB,7.5,Over,0.907143,1,0.690476,0
2/5/2024,Jordan Clarkson,OKC,REB,2.5,Under,0.906809,0.999875,0.689655,0
2/5/2024,Alperen Sengun,IND,AST,5.5,Under,0.9,1,0.666667,0
2/5/2024,Jalen Suggs,MIA,REB,3.5,Over,0.9,1,0.666667,0
2/5/2024,Paolo Banchero,MIA,TOV,2.5,Over,0.896875,1,0.65625,0
2/5/2024,Josh Green,BKN,PTS,11.5,Under,0.896154,1,0.653846,0
2/5/2024,Devin Booker,MIL,PTS,27.5,Over,0.894118,1,0.647059,0
2/5/2024,Jimmy Butler,ORL,TOV,1.5,Under,0.894118,1,0.647059,0
2/5/2024,Grayson Allen,MIL,PTS,12.5,Under,0.892,1,0.64,0
2/5/2024,Kelly Olynyk,OKC,AST,3.5,Under,0.890244,1,0.634146,0
2/5/2024,Cameron Johnson,DAL,FG3M,2.5,Under,0.889474,1,0.631579,0
2/5/2024,Wendell Carter Jr.,MIA,PTS,10.5,Over,0.887386,0.999837,0.625,0
2/5/2024,Coby White,MIN,PTS,22.5,Under,0.886486,1,0.621622,0
2/5/2024,Coby White,MIN,REB,4.5,Under,0.884615,1,0.615385,0
2/5/2024,Myles Turner,HOU,STL,0.5,Over,0.883155,0.906548,0.828571,0
2/5/2024,Simone Fontecchio,OKC,PTS,7.5,Under,0.881739,0.997723,0.611111,0
2/5/2024,Jusuf Nurkic,MIL,REB,10.5,Over,0.88,1,0.6,0
2/5/2024,Paolo Banchero,MIA,AST,4.5,Over,0.879839,0.955325,0.703704,0
2/5/2024,Luka Doncic,BKN,FG3M,3.5,Over,0.868341,0.954773,0.666667,0
2/5/2024,Jimmy Butler,ORL,PTS,19.5,Over,0.866667,1,0.555556,0
2/5/2024,Luguentz Dort,UTA,BLK,0.5,Under,0.8625,1,0.541667,0
2/5/2024,Walker Kessler,OKC,REB,6.5,Under,0.861538,1,0.538462,0
2/5/2024,Franz Wagner,MIA,PTS,20.5,Under,0.859251,0.991788,0.55,0
2/5/2024,Damian Lillard,PHX,AST,6.5,Over,0.855556,1,0.518519,0
2/5/2024,Luka Doncic,BKN,PTS,33.5,Over,0.853272,0.99447,0.52381,0
2/5/2024,Malik Beasley,PHX,PTS,10.5,Over,0.85,1,0.5,0
2/5/2024,Khris Middleton,PHX,PTS,16.5,Under,0.85,1,0.5,0
2/5/2024,Ayo Dosunmu,MIN,FG3M,1.5,Over,0.849992,0.999989,0.5,0
2/5/2024,Jusuf Nurkic,MIL,PTS,12.5,Under,0.848722,0.926746,0.666667,0
2/5/2024,Dillon Brooks,IND,PTS,12.5,Over,0.842105,1,0.473684,0
2/5/2024,Tyrese Haliburton,HOU,REB,2.5,Under,0.840241,0.943201,0.6,0
2/5/2024,Chet Holmgren,UTA,PTS,18.5,Over,0.84,1,0.466667,0
2/5/2024,Shai Gilgeous-Alexander,UTA,PTS,32.5,Over,0.839771,0.985387,0.5,0
2/5/2024,Markelle Fultz,MIA,PTS,9.5,Under,0.837306,0.981865,0.5,0
2/5/2024,Khris Middleton,PHX,REB,5.5,Under,0.835871,0.84116,0.823529,0
2/5/2024,Chet Holmgren,UTA,REB,7.5,Under,0.833333,1,0.444444,0
2/5/2024,Nikola Vucevic,MIN,PTS,15.5,Over,0.831041,0.924528,0.612903,0
2/5/2024,Ayo Dosunmu,MIN,PTS,12.5,Over,0.828571,1,0.428571,0
2/5/2024,Wendell Carter Jr.,MIA,REB,7.5,Over,0.82,1,0.4,0
2/5/2024,Alex Caruso,MIN,PTS,10.5,Under,0.81744,0.893485,0.64,0
2/5/2024,Damian Lillard,PHX,REB,3.5,Under,0.80909,0.999999,0.363636,0
2/5/2024,Jalen Suggs,MIA,FG3M,1.5,Over,0.800355,0.857651,0.666667,0
2/5/2024,Ayo Dosunmu,MIN,REB,3.5,Over,0.8,1,0.333333,0
2/5/2024,Giannis Antetokounmpo,PHX,AST,6.5,Over,0.787385,0.91055,0.5,0
2/5/2024,Devin Booker,MIL,REB,4.5,Under,0.77768,0.850102,0.608696,0
2/5/2024,Keyonte George,OKC,FG3M,1.5,Over,0.766666,1,0.222222,0
2/5/2024,Jimmy Butler,ORL,REB,4.5,Over,0.762384,0.874835,0.5,0
2/5/2024,Kyrie Irving,BKN,PTS,24.5,Under,0.761768,0.740025,0.8125,0
2/5/2024,Dillon Brooks,IND,FG3M,2.5,Over,0.76,1,0.2,1
2/5/2024,Myles Turner,HOU,BLK,1.5,Under,0.750216,0.734075,0.787879,0
2/5/2024,Kevin Durant,MIL,REB,6.5,Under,0.744057,0.754368,0.72,0
2/5/2024,Nic Claxton,DAL,STL,1.5,Over,0.721817,0.859738,0.4,1
2/5/2024,Paolo Banchero,MIA,REB,6.5,Over,0.714376,0.71639,0.709677,0
2/5/2024,Cameron Johnson,DAL,STL,1.5,Over,0.699998,0.999997,0,1
2/5/2024,Grayson Allen,MIL,REB,3.5,Under,0.673868,0.691992,0.631579,0
2/5/2024,Alperen Sengun,IND,PTS,23.5,Under,0.668501,0.67769,0.647059,0
2/5/2024,Kyrie Irving,BKN,TOV,1.5,Under,0.657902,0.697624,0.565217,0
2/5/2024,Cameron Johnson,DAL,PTS,14.5,Over,0.64248,0.685685,0.541667,0
2/5/2024,Collin Sexton,OKC,REB,2.5,Over,0.574269,0.563241,0.6,0
2/5/2024,Jabari Smith Jr.,IND,STL,0.5,Over,0.530628,0.532477,0.526316,0
2/5/2024,Chet Holmgren,UTA,BLK,2.5,Under,0.49655,0.503008,0.481481,0
2/5/2024,Paolo Banchero,MIA,PTS,22.5,Over,0.496395,0.417707,0.68,0
2/5/2024,DeMar DeRozan,MIN,PTS,23.5,Over,0.483881,0.535415,0.363636,0
2/5/2024,Jimmy Butler,ORL,FG3M,1.5,Over,0.459273,0.513248,0.333333,1
2/5/2024,Markelle Fultz,MIA,BLK,0.5,Over,0.406612,0.580874,0,1
2/5/2024,Tyler Herro,ORL,AST,4.5,Over,0.36309,0.335026,0.428571,1
2/5/2024,Paolo Banchero,MIA,STL,1.5,Over,0.331194,0.377896,0.222222,1
2/5/2024,Mikal Bridges,DAL,FG3M,4.5,Over,0.3,0,1,1
2/5/2024,Bam Adebayo,ORL,STL,1.5,Over,0.281266,0.211333,0.444444,1
2/5/2024,Lauri Markkanen,OKC,REB,8.5,Over,0.235714,0,0.785714,0
2/5/2024,Aaron Nesmith,HOU,PTS,14.5,Over,0.23,0,0.766667,0
2/5/2024,Bradley Beal,MIL,PTS,19.5,Under,0.21365,0.002694,0.705882,0
2/5/2024,Simone Fontecchio,OKC,STL,0.5,Under,0.213462,0,0.711538,0
2/5/2024,Walker Kessler,OKC,PTS,7.5,Over,0.2025,0,0.675,0
2/5/2024,Jabari Smith Jr.,IND,REB,6.5,Over,0.2,0,0.666667,0
2/5/2024,Coby White,MIN,AST,7.5,Over,0.195378,0.034213,0.571429,1
2/5/2024,Grayson Allen,MIL,AST,2.5,Over,0.183871,0,0.612903,0
2/5/2024,Giannis Antetokounmpo,PHX,PTS,32.5,Under,0.178125,0,0.59375,0
2/5/2024,Damian Lillard,PHX,PTS,23.5,Over,0.177778,0,0.592593,0
2/5/2024,Alperen Sengun,IND,REB,9.5,Under,0.154286,0,0.514286,0
2/5/2024,Kevin Durant,MIL,AST,7.5,Over,0.150002,0.000003,0.5,1
2/5/2024,Jabari Smith Jr.,IND,PTS,11.5,Over,0.15,0,0.5,0
2/5/2024,Tyrese Haliburton,HOU,STL,1.5,Over,0.133333,0,0.444444,1
2/5/2024,Nikola Vucevic,MIN,AST,4.5,Over,0.131048,0.015782,0.4,1
2/5/2024,Brook Lopez,PHX,REB,7.5,Over,0.075,0,0.25,1
2/5/2024,Bam Adebayo,ORL,AST,5.5,Over,0.042857,0,0.142857,1
2/5/2024,Wendell Carter Jr.,MIA,DD2,0.5,Over,0.014972,0.021389,0,1
2/5/2024,Andrew Nembhard,HOU,BLK,0.5,Over,0.002096,0.002994,0,1
2/5/2024,Alperen Sengun,IND,BLK,1.5,Over,0,0,0,1
2/5/2024,Pascal Siakam,HOU,STL,1.5,Under,0,0,0,1
2/5/2024,Franz Wagner,MIA,AST,5.5,Under,0,0,0,1
2/5/2024,Coby White,MIN,FG3M,4.5,Under,0,0,0,1
2/5/2024,DeMar DeRozan,MIN,AST,7.5,Under,0,0,0,1
2/5/2024,Kyrie Irving,BKN,REB,7.5,Under,0,0,0,1
2/5/2024,Jalen Green,IND,STL,1.5,Under,0,0,0,1
