,gameId,teamId,teamCity,teamName,teamTricode,teamSlug,personIdOff,firstNameOff,familyNameOff,nameIOff,playerSlugOff,positionOff,commentOff,jerseyNumOff,personIdDef,firstNameDef,familyNameDef,nameIDef,playerSlugDef,jerseyNumDef,matchupMinutes,matchupMinutesSort,partialPossessions,percentageDefenderTotalTime,percentageOffensiveTotalTime,percentageTotalTimeBothOn,switchesOn,playerPoints,teamPoints,matchupAssists,matchupPotentialAssists,matchupTurnovers,matchupBlocks,matchupFieldGoalsMade,matchupFieldGoalsAttempted,matchupFieldGoalsPercentage,matchupThreePointersMade,matchupThreePointersAttempted,matchupThreePointersPercentage,helpBlocks,helpFieldGoalsMade,helpFieldGoalsAttempted,helpFieldGoalsPercentage,matchupFreeThrowsMade,matchupFreeThrowsAttempted,shootingFouls
0,0022300411,1610612760,Oklahoma City,Thunder,OKC,thunder,1629652,Luguentz,Dort,L. Dort,luguentz-dort,F,,5,1629638,Nickeil,Alexander-Walker,N. Alexander-Walker,nickeil-alexander-walker,9,1:00,59.8,4.5,0.123,0.077,0.191,0,3,5,0,0,1,0,1,2,0.5,1,1,1.0,0,0,0,0.0,0,0,0
1,0022300411,1610612760,Oklahoma City,Thunder,OKC,thunder,1629652,Luguentz,Dort,L. Dort,luguentz-dort,F,,5,203937,Kyle,Anderson,K. Anderson,kyle-anderson,1,1:33,93.1,8.5,0.17,0.119,0.21,0,0,12,0,0,0,0,0,0,0.0,0,0,0.0,0,0,0,0.0,0,0,0
2,0022300411,1610612760,Oklahoma City,Thunder,OKC,thunder,1629652,Luguentz,Dort,L. Dort,luguentz-dort,F,,5,1628972,Troy,Brown Jr.,T. Brown Jr.,troy-brown-jr,23,0:13,12.6,1.4,0.271,0.016,0.271,0,0,0,0,0,0,0,0,0,0.0,0,0,0.0,0,0,0,0.0,0,0,0
3,0022300411,1610612760,Oklahoma City,Thunder,OKC,thunder,1629652,Luguentz,Dort,L. Dort,luguentz-dort,F,,5,201144,Mike,Conley,M. Conley,mike-conley,10,0:12,12.1,1.1,0.021,0.015,0.035,0,0,0,0,0,0,0,0,0,0.0,0,0,0.0,0,0,0,0.0,0,0,0
4,0022300411,1610612760,Oklahoma City,Thunder,OKC,thunder,1629652,Luguentz,Dort,L. Dort,luguentz-dort,F,,5,1630162,Anthony,Edwards,A. Edwards,anthony-edwards,5,4:19,259.1,23.3,0.323,0.332,0.332,0,6,39,0,0,0,0,2,2,1.0,2,2,1.0,0,0,0,0.0,0,0,0
5,0022300411,1610612760,Oklahoma City,Thunder,OKC,thunder,1629652,Luguentz,Dort,L. Dort,luguentz-dort,F,,5,203497,Rudy,Gobert,R. Gobert,rudy-gobert,27,0:29,28.8,3.4,0.043,0.037,0.05,0,0,4,0,0,0,0,0,0,0.0,0,0,0.0,0,0,0,0.0,0,0,0
6,0022300411,1610612760,Oklahoma City,Thunder,OKC,thunder,1629652,Luguentz,Dort,L. Dort,luguentz-dort,F,,5,1630183,Jaden,McDaniels,J. McDaniels,jaden-mcdaniels,3,0:47,47.2,5.1,0.073,0.061,0.092,0,2,2,0,0,0,0,1,1,1.0,0,0,0.0,0,0,0,0.0,0,0,0
7,0022300411,1610612760,Oklahoma City,Thunder,OKC,thunder,1629652,Luguentz,Dort,L. Dort,luguentz-dort,F,,5,1629162,Jordan,McLaughlin,J. McLaughlin,jordan-mclaughlin,6,0:38,38.1,2.7,0.101,0.049,0.258,0,0,2,0,0,0,0,0,0,0.0,0,0,0.0,0,0,0,0.0,0,0,0
8,0022300411,1610612760,Oklahoma City,Thunder,OKC,thunder,1629652,Luguentz,Dort,L. Dort,luguentz-dort,F,,5,1629675,Naz,Reid,N. Reid,naz-reid,11,0:59,58.9,4.0,0.13,0.076,0.275,0,0,2,0,0,0,0,0,0,0.0,0,0,0.0,0,0,0,0.0,0,0,0
9,0022300411,1610612760,Oklahoma City,Thunder,OKC,thunder,1629652,Luguentz,Dort,L. Dort,luguentz-dort,F,,5,1626157,Karl-Anthony,Towns,K. Towns,karl-anthony-towns,32,2:39,158.8,11.8,0.225,0.204,0.302,0,2,8,0,0,1,0,1,2,0.5,0,1,0.0,0,0,0,0.0,0,0,0
10,0022300411,1610612760,Oklahoma City,Thunder,OKC,thunder,1631114,Jalen,Williams,J. Williams,jalen-williams,F,,8,1629638,Nickeil,Alexander-Walker,N. Alexander-Walker,nickeil-alexander-walker,9,1:15,74.7,6.0,0.154,0.12,0.402,0,2,5,0,0,0,0,1,1,1.0,0,0,0.0,0,0,0,0.0,0,0,0
11,0022300411,1610612760,Oklahoma City,Thunder,OKC,thunder,1631114,Jalen,Williams,J. Williams,jalen-williams,F,,8,203937,Kyle,Anderson,K. Anderson,kyle-anderson,1,1:31,90.6,5.6,0.165,0.145,0.509,0,0,9,0,0,0,0,0,0,0.0,0,0,0.0,0,0,0,0.0,0,0,0
12,0022300411,1610612760,Oklahoma City,Thunder,OKC,thunder,1631114,Jalen,Williams,J. Williams,jalen-williams,F,,8,201144,Mike,Conley,M. Conley,mike-conley,10,1:32,91.9,8.7,0.158,0.147,0.177,0,3,16,1,0,0,0,1,2,0.5,1,2,0.5,0,0,0,0.0,0,0,0
13,0022300411,1610612760,Oklahoma City,Thunder,OKC,thunder,1631114,Jalen,Williams,J. Williams,jalen-williams,F,,8,1630162,Anthony,Edwards,A. Edwards,anthony-edwards,5,1:29,89.4,7.4,0.111,0.143,0.232,0,0,6,0,0,0,0,0,2,0.0,0,0,0.0,0,0,0,0.0,0,0,0
14,0022300411,1610612760,Oklahoma City,Thunder,OKC,thunder,1631114,Jalen,Williams,J. Williams,jalen-williams,F,,8,203497,Rudy,Gobert,R. Gobert,rudy-gobert,27,0:40,40.5,3.5,0.06,0.065,0.083,0,5,5,1,0,0,0,2,3,0.667,1,2,0.5,0,0,0,0.0,0,0,0
15,0022300411,1610612760,Oklahoma City,Thunder,OKC,thunder,1631114,Jalen,Williams,J. Williams,jalen-williams,F,,8,1630183,Jaden,McDaniels,J. McDaniels,jaden-mcdaniels,3,1:11,70.8,6.5,0.109,0.113,0.141,0,0,3,1,0,0,0,0,0,0.0,0,0,0.0,0,0,0,0.0,0,0,0
16,0022300411,1610612760,Oklahoma City,Thunder,OKC,thunder,1631114,Jalen,Williams,J. Williams,jalen-williams,F,,8,1629675,Naz,Reid,N. Reid,naz-reid,11,0:14,14.3,1.2,0.031,0.023,0.06,0,3,3,0,0,0,0,1,1,1.0,1,1,1.0,0,0,0,0.0,0,0,0
17,0022300411,1610612760,Oklahoma City,Thunder,OKC,thunder,1631114,Jalen,Williams,J. Williams,jalen-williams,F,,8,1626157,Karl-Anthony,Towns,K. Towns,karl-anthony-towns,32,2:06,126.2,12.5,0.179,0.202,0.245,0,8,23,1,0,1,0,2,2,1.0,2,2,1.0,0,0,0,0.0,2,2,1
18,0022300411,1610612760,Oklahoma City,Thunder,OKC,thunder,1631096,Chet,Holmgren,C. Holmgren,chet-holmgren,C,,7,1629638,Nickeil,Alexander-Walker,N. Alexander-Walker,nickeil-alexander-walker,9,0:44,43.9,2.5,0.09,0.065,0.23,0,0,3,0,0,0,0,0,1,0.0,0,0,0.0,0,0,0,0.0,0,0,0
19,0022300411,1610612760,Oklahoma City,Thunder,OKC,thunder,1631096,Chet,Holmgren,C. Holmgren,chet-holmgren,C,,7,203937,Kyle,Anderson,K. Anderson,kyle-anderson,1,0:37,37.3,2.8,0.068,0.055,0.157,0,2,4,0,0,0,0,1,1,1.0,0,0,0.0,0,0,0,0.0,0,0,0
20,0022300411,1610612760,Oklahoma City,Thunder,OKC,thunder,1631096,Chet,Holmgren,C. Holmgren,chet-holmgren,C,,7,201144,Mike,Conley,M. Conley,mike-conley,10,1:09,69.3,5.7,0.119,0.102,0.161,0,3,9,0,0,1,0,1,1,1.0,1,1,1.0,0,0,0,0.0,0,0,0
21,0022300411,1610612760,Oklahoma City,Thunder,OKC,thunder,1631096,Chet,Holmgren,C. Holmgren,chet-holmgren,C,,7,1630162,Anthony,Edwards,A. Edwards,anthony-edwards,5,0:50,50.2,4.8,0.063,0.074,0.087,0,0,5,0,0,0,0,0,1,0.0,0,1,0.0,0,0,0,0.0,0,0,0
22,0022300411,1610612760,Oklahoma City,Thunder,OKC,thunder,1631096,Chet,Holmgren,C. Holmgren,chet-holmgren,C,,7,203497,Rudy,Gobert,R. Gobert,rudy-gobert,27,6:49,409.2,35.5,0.603,0.603,0.648,0,11,36,4,0,0,0,5,8,0.625,1,3,0.333,0,0,0,0.0,0,0,0
23,0022300411,1610612760,Oklahoma City,Thunder,OKC,thunder,1631096,Chet,Holmgren,C. Holmgren,chet-holmgren,C,,7,1630183,Jaden,McDaniels,J. McDaniels,jaden-mcdaniels,3,0:39,38.8,3.4,0.06,0.057,0.065,0,1,10,0,0,0,0,0,0,0.0,0,0,0.0,0,0,0,0.0,1,2,1
24,0022300411,1610612760,Oklahoma City,Thunder,OKC,thunder,1631096,Chet,Holmgren,C. Holmgren,chet-holmgren,C,,7,1629162,Jordan,McLaughlin,J. McLaughlin,jordan-mclaughlin,6,0:04,4.4,0.5,0.012,0.006,0.031,0,0,2,0,0,0,0,0,0,0.0,0,0,0.0,0,0,0,0.0,0,0,0
25,0022300411,1610612760,Oklahoma City,Thunder,OKC,thunder,1631096,Chet,Holmgren,C. Holmgren,chet-holmgren,C,,7,1629675,Naz,Reid,N. Reid,naz-reid,11,0:12,11.6,0.6,0.026,0.017,0.075,0,0,0,0,0,0,0,0,0,0.0,0,0,0.0,0,0,0,0.0,0,0,0
26,0022300411,1610612760,Oklahoma City,Thunder,OKC,thunder,1631096,Chet,Holmgren,C. Holmgren,chet-holmgren,C,,7,1626157,Karl-Anthony,Towns,K. Towns,karl-anthony-towns,32,0:48,48.4,4.4,0.069,0.071,0.125,0,0,7,1,0,0,0,0,0,0.0,0,0,0.0,0,0,0,0.0,0,0,0
27,0022300411,1610612760,Oklahoma City,Thunder,OKC,thunder,1630581,Josh,Giddey,J. Giddey,josh-giddey,G,,3,1629638,Nickeil,Alexander-Walker,N. Alexander-Walker,nickeil-alexander-walker,9,0:28,28.4,2.6,0.058,0.049,0.2,0,0,7,1,0,0,0,0,0,0.0,0,0,0.0,0,0,0,0.0,0,0,0
28,0022300411,1610612760,Oklahoma City,Thunder,OKC,thunder,1630581,Josh,Giddey,J. Giddey,josh-giddey,G,,3,203937,Kyle,Anderson,K. Anderson,kyle-anderson,1,1:15,75.4,7.7,0.138,0.129,0.38,0,0,12,0,0,0,0,0,1,0.0,0,1,0.0,0,0,0,0.0,0,0,0
29,0022300411,1610612760,Oklahoma City,Thunder,OKC,thunder,1630581,Josh,Giddey,J. Giddey,josh-giddey,G,,3,201144,Mike,Conley,M. Conley,mike-conley,10,2:32,152.2,13.2,0.262,0.26,0.483,0,4,21,2,0,0,0,2,2,1.0,0,0,0.0,0,0,0,0.0,0,0,0
30,0022300411,1610612760,Oklahoma City,Thunder,OKC,thunder,1630581,Josh,Giddey,J. Giddey,josh-giddey,G,,3,1630162,Anthony,Edwards,A. Edwards,anthony-edwards,5,1:07,66.6,7.4,0.083,0.114,0.13,0,2,12,0,0,1,0,0,0,0.0,0,0,0.0,0,0,0,0.0,2,2,1
31,0022300411,1610612760,Oklahoma City,Thunder,OKC,thunder,1630581,Josh,Giddey,J. Giddey,josh-giddey,G,,3,203497,Rudy,Gobert,R. Gobert,rudy-gobert,27,1:02,61.8,4.8,0.091,0.106,0.138,0,0,4,0,0,0,0,0,1,0.0,0,0,0.0,0,0,0,0.0,0,0,0
32,0022300411,1610612760,Oklahoma City,Thunder,OKC,thunder,1630581,Josh,Giddey,J. Giddey,josh-giddey,G,,3,1630183,Jaden,McDaniels,J. McDaniels,jaden-mcdaniels,3,0:39,38.8,3.7,0.06,0.066,0.093,0,0,6,1,0,0,0,0,0,0.0,0,0,0.0,0,0,0,0.0,0,0,0
33,0022300411,1610612760,Oklahoma City,Thunder,OKC,thunder,1630581,Josh,Giddey,J. Giddey,josh-giddey,G,,3,1629162,Jordan,McLaughlin,J. McLaughlin,jordan-mclaughlin,6,0:23,23.5,1.2,0.063,0.04,0.15,0,0,0,0,0,0,0,0,0,0.0,0,0,0.0,0,0,0,0.0,0,0,0
34,0022300411,1610612760,Oklahoma City,Thunder,OKC,thunder,1630581,Josh,Giddey,J. Giddey,josh-giddey,G,,3,1631159,Leonard,Miller,L. Miller,leonard-miller,33,0:39,39.4,2.1,0.339,0.067,0.541,0,0,3,1,0,0,0,0,0,0.0,0,0,0.0,0,0,0,0.0,0,0,0
35,0022300411,1610612760,Oklahoma City,Thunder,OKC,thunder,1630581,Josh,Giddey,J. Giddey,josh-giddey,G,,3,1629003,Shake,Milton,S. Milton,shake-milton,18,0:21,20.8,2.1,0.179,0.036,0.286,0,2,5,0,0,0,0,1,1,1.0,0,0,0.0,0,0,0,0.0,0,0,0
36,0022300411,1610612760,Oklahoma City,Thunder,OKC,thunder,1630581,Josh,Giddey,J. Giddey,josh-giddey,G,,3,1631169,Josh,Minott,J. Minott,josh-minott,8,0:07,7.0,0.6,0.06,0.012,0.096,0,0,0,0,0,0,0,0,0,0.0,0,0,0.0,0,0,0,0.0,0,0,0
37,0022300411,1610612760,Oklahoma City,Thunder,OKC,thunder,1630581,Josh,Giddey,J. Giddey,josh-giddey,G,,3,1631111,Wendell,Moore Jr.,W. Moore Jr.,wendell-moore-jr,7,0:01,1.4,0.1,0.012,0.002,0.02,0,0,3,1,0,0,0,0,0,0.0,0,0,0.0,0,0,0,0.0,0,0,0
38,0022300411,1610612760,Oklahoma City,Thunder,OKC,thunder,1630581,Josh,Giddey,J. Giddey,josh-giddey,G,,3,1629675,Naz,Reid,N. Reid,naz-reid,11,0:07,6.9,0.4,0.015,0.012,0.077,0,2,2,0,0,0,0,1,1,1.0,0,0,0.0,0,0,0,0.0,0,0,0
39,0022300411,1610612760,Oklahoma City,Thunder,OKC,thunder,1630581,Josh,Giddey,J. Giddey,josh-giddey,G,,3,1626157,Karl-Anthony,Towns,K. Towns,karl-anthony-towns,32,0:59,59.2,5.5,0.084,0.101,0.189,0,0,8,1,0,0,0,0,1,0.0,0,1,0.0,0,0,0,0.0,0,0,0
40,0022300411,1610612760,Oklahoma City,Thunder,OKC,thunder,1628983,Shai,Gilgeous-Alexander,S. Gilgeous-Alexander,shai-gilgeous-alexander,G,,2,1629638,Nickeil,Alexander-Walker,N. Alexander-Walker,nickeil-alexander-walker,9,2:19,139.4,11.6,0.287,0.179,0.416,0,8,11,1,0,1,0,3,3,1.0,0,0,0.0,0,0,0,0.0,2,2,1
41,0022300411,1610612760,Oklahoma City,Thunder,OKC,thunder,1628983,Shai,Gilgeous-Alexander,S. Gilgeous-Alexander,shai-gilgeous-alexander,G,,2,203937,Kyle,Anderson,K. Anderson,kyle-anderson,1,1:23,83.3,7.7,0.152,0.107,0.179,0,2,7,0,0,0,0,1,2,0.5,0,0,0.0,0,0,0,0.0,0,0,0
42,0022300411,1610612760,Oklahoma City,Thunder,OKC,thunder,1628983,Shai,Gilgeous-Alexander,S. Gilgeous-Alexander,shai-gilgeous-alexander,G,,2,201144,Mike,Conley,M. Conley,mike-conley,10,0:11,10.8,1.8,0.018,0.014,0.034,0,0,0,0,0,0,0,0,0,0.0,0,0,0.0,0,0,0,0.0,0,0,0
43,0022300411,1610612760,Oklahoma City,Thunder,OKC,thunder,1628983,Shai,Gilgeous-Alexander,S. Gilgeous-Alexander,shai-gilgeous-alexander,G,,2,1630162,Anthony,Edwards,A. Edwards,anthony-edwards,5,1:41,100.7,9.8,0.126,0.129,0.129,0,10,22,2,0,0,0,4,4,1.0,0,0,0.0,0,0,0,0.0,2,2,1
44,0022300411,1610612760,Oklahoma City,Thunder,OKC,thunder,1628983,Shai,Gilgeous-Alexander,S. Gilgeous-Alexander,shai-gilgeous-alexander,G,,2,203497,Rudy,Gobert,R. Gobert,rudy-gobert,27,1:05,65.0,5.6,0.096,0.083,0.118,0,8,12,1,0,0,0,4,4,1.0,0,0,0.0,0,0,0,0.0,0,0,0
45,0022300411,1610612760,Oklahoma City,Thunder,OKC,thunder,1628983,Shai,Gilgeous-Alexander,S. Gilgeous-Alexander,shai-gilgeous-alexander,G,,2,1630183,Jaden,McDaniels,J. McDaniels,jaden-mcdaniels,3,5:46,345.7,28.3,0.532,0.443,0.707,0,7,40,2,0,0,0,3,7,0.429,0,3,0.0,0,0,0,0.0,1,1,1
46,0022300411,1610612760,Oklahoma City,Thunder,OKC,thunder,1628983,Shai,Gilgeous-Alexander,S. Gilgeous-Alexander,shai-gilgeous-alexander,G,,2,1629162,Jordan,McLaughlin,J. McLaughlin,jordan-mclaughlin,6,0:02,1.6,0.1,0.004,0.002,0.011,0,0,0,0,0,1,0,0,0,0.0,0,0,0.0,0,0,0,0.0,0,0,0
47,0022300411,1610612760,Oklahoma City,Thunder,OKC,thunder,1628983,Shai,Gilgeous-Alexander,S. Gilgeous-Alexander,shai-gilgeous-alexander,G,,2,1629675,Naz,Reid,N. Reid,naz-reid,11,0:20,19.8,1.7,0.044,0.025,0.092,0,2,8,2,0,1,0,1,1,1.0,0,0,0.0,0,0,0,0.0,0,0,0
48,0022300411,1610612760,Oklahoma City,Thunder,OKC,thunder,1628983,Shai,Gilgeous-Alexander,S. Gilgeous-Alexander,shai-gilgeous-alexander,G,,2,1626157,Karl-Anthony,Towns,K. Towns,karl-anthony-towns,32,0:38,38.2,3.6,0.054,0.049,0.07,0,2,6,2,0,0,0,1,1,1.0,0,0,0.0,0,0,0,0.0,0,0,0
49,0022300411,1610612760,Oklahoma City,Thunder,OKC,thunder,1629026,Kenrich,Williams,K. Williams,kenrich-williams,,,34,1629638,Nickeil,Alexander-Walker,N. Alexander-Walker,nickeil-alexander-walker,9,0:41,41.2,2.7,0.085,0.102,0.123,0,0,10,1,0,0,0,0,0,0.0,0,0,0.0,0,0,0,0.0,0,0,0
50,0022300411,1610612760,Oklahoma City,Thunder,OKC,thunder,1629026,Kenrich,Williams,K. Williams,kenrich-williams,,,34,203937,Kyle,Anderson,K. Anderson,kyle-anderson,1,0:53,52.6,4.7,0.096,0.13,0.15,0,0,6,0,0,0,0,0,0,0.0,0,0,0.0,0,0,0,0.0,0,0,0
51,0022300411,1610612760,Oklahoma City,Thunder,OKC,thunder,1629026,Kenrich,Williams,K. Williams,kenrich-williams,,,34,201144,Mike,Conley,M. Conley,mike-conley,10,0:04,3.9,0.3,0.007,0.01,0.026,0,0,0,0,0,0,0,0,1,0.0,0,0,0.0,0,0,0,0.0,0,0,0
52,0022300411,1610612760,Oklahoma City,Thunder,OKC,thunder,1629026,Kenrich,Williams,K. Williams,kenrich-williams,,,34,1630162,Anthony,Edwards,A. Edwards,anthony-edwards,5,0:39,38.7,2.5,0.048,0.096,0.144,0,0,2,0,0,0,0,0,0,0.0,0,0,0.0,0,0,0,0.0,0,0,0
53,0022300411,1610612760,Oklahoma City,Thunder,OKC,thunder,1629026,Kenrich,Williams,K. Williams,kenrich-williams,,,34,203497,Rudy,Gobert,R. Gobert,rudy-gobert,27,0:18,17.6,1.3,0.026,0.044,0.202,0,0,2,0,0,0,0,0,0,0.0,0,0,0.0,0,0,0,0.0,0,0,0
54,0022300411,1610612760,Oklahoma City,Thunder,OKC,thunder,1629026,Kenrich,Williams,K. Williams,kenrich-williams,,,34,1630183,Jaden,McDaniels,J. McDaniels,jaden-mcdaniels,3,0:15,14.7,1.7,0.023,0.036,0.274,0,0,0,0,0,0,0,0,0,0.0,0,0,0.0,0,0,0,0.0,0,0,0
55,0022300411,1610612760,Oklahoma City,Thunder,OKC,thunder,1629026,Kenrich,Williams,K. Williams,kenrich-williams,,,34,1629162,Jordan,McLaughlin,J. McLaughlin,jordan-mclaughlin,6,0:09,8.9,0.7,0.024,0.022,0.076,0,0,2,0,0,0,0,0,0,0.0,0,0,0.0,0,0,0,0.0,0,0,0
56,0022300411,1610612760,Oklahoma City,Thunder,OKC,thunder,1629026,Kenrich,Williams,K. Williams,kenrich-williams,,,34,1629675,Naz,Reid,N. Reid,naz-reid,11,1:55,115.3,10.7,0.253,0.285,0.339,0,6,17,0,0,0,0,2,2,1.0,2,2,1.0,0,0,0,0.0,0,0,0
57,0022300411,1610612760,Oklahoma City,Thunder,OKC,thunder,1629026,Kenrich,Williams,K. Williams,kenrich-williams,,,34,1626157,Karl-Anthony,Towns,K. Towns,karl-anthony-towns,32,2:03,122.9,10.8,0.174,0.304,0.387,0,0,10,1,0,0,0,0,1,0.0,0,1,0.0,0,0,0,0.0,0,0,0
58,0022300411,1610612760,Oklahoma City,Thunder,OKC,thunder,1630198,Isaiah,Joe,I. Joe,isaiah-joe,,,11,1629638,Nickeil,Alexander-Walker,N. Alexander-Walker,nickeil-alexander-walker,9,0:50,50.2,5.4,0.103,0.126,0.21,0,0,9,2,0,0,0,0,0,0.0,0,0,0.0,0,0,0,0.0,0,0,0
59,0022300411,1610612760,Oklahoma City,Thunder,OKC,thunder,1630198,Isaiah,Joe,I. Joe,isaiah-joe,,,11,203937,Kyle,Anderson,K. Anderson,kyle-anderson,1,0:58,58.2,4.7,0.106,0.147,0.161,0,3,10,0,0,0,0,1,1,1.0,1,1,1.0,0,0,0,0.0,0,0,0
60,0022300411,1610612760,Oklahoma City,Thunder,OKC,thunder,1630198,Isaiah,Joe,I. Joe,isaiah-joe,,,11,1628972,Troy,Brown Jr.,T. Brown Jr.,troy-brown-jr,23,0:34,33.9,3.0,0.729,0.085,0.873,0,0,5,0,0,0,0,0,0,0.0,0,0,0.0,0,0,0,0.0,0,0,0
61,0022300411,1610612760,Oklahoma City,Thunder,OKC,thunder,1630198,Isaiah,Joe,I. Joe,isaiah-joe,,,11,201144,Mike,Conley,M. Conley,mike-conley,10,0:35,34.9,2.7,0.06,0.088,0.853,0,0,4,0,0,0,0,0,0,0.0,0,0,0.0,0,0,0,0.0,0,0,0
62,0022300411,1610612760,Oklahoma City,Thunder,OKC,thunder,1630198,Isaiah,Joe,I. Joe,isaiah-joe,,,11,1630162,Anthony,Edwards,A. Edwards,anthony-edwards,5,1:55,114.8,7.8,0.143,0.289,0.289,0,2,4,0,0,0,0,1,1,1.0,0,0,0.0,0,0,0,0.0,0,0,0
63,0022300411,1610612760,Oklahoma City,Thunder,OKC,thunder,1630198,Isaiah,Joe,I. Joe,isaiah-joe,,,11,203497,Rudy,Gobert,R. Gobert,rudy-gobert,27,0:10,9.7,1.0,0.014,0.024,0.051,0,0,0,0,0,0,0,0,0,0.0,0,0,0.0,0,0,0,0.0,0,0,0
64,0022300411,1610612760,Oklahoma City,Thunder,OKC,thunder,1630198,Isaiah,Joe,I. Joe,isaiah-joe,,,11,1630183,Jaden,McDaniels,J. McDaniels,jaden-mcdaniels,3,0:02,2.3,0.1,0.004,0.006,0.011,0,0,2,0,0,0,0,0,0,0.0,0,0,0.0,0,0,0,0.0,0,0,0
65,0022300411,1610612760,Oklahoma City,Thunder,OKC,thunder,1630198,Isaiah,Joe,I. Joe,isaiah-joe,,,11,1629162,Jordan,McLaughlin,J. McLaughlin,jordan-mclaughlin,6,0:52,52.5,4.3,0.14,0.132,0.356,0,0,4,0,0,0,0,0,1,0.0,0,1,0.0,0,0,0,0.0,0,0,0
66,0022300411,1610612760,Oklahoma City,Thunder,OKC,thunder,1630198,Isaiah,Joe,I. Joe,isaiah-joe,,,11,1629675,Naz,Reid,N. Reid,naz-reid,11,0:18,18.2,1.4,0.04,0.046,0.145,0,3,3,0,0,0,0,1,1,1.0,1,1,1.0,0,0,0,0.0,0,0,0
67,0022300411,1610612760,Oklahoma City,Thunder,OKC,thunder,1630198,Isaiah,Joe,I. Joe,isaiah-joe,,,11,1626157,Karl-Anthony,Towns,K. Towns,karl-anthony-towns,32,0:35,35.0,2.6,0.05,0.088,0.143,0,0,0,0,0,0,0,0,0,0.0,0,0,0.0,0,0,0,0.0,0,0,0
68,0022300411,1610612760,Oklahoma City,Thunder,OKC,thunder,1641717,Cason,Wallace,C. Wallace,cason-wallace,,,22,1629638,Nickeil,Alexander-Walker,N. Alexander-Walker,nickeil-alexander-walker,9,0:20,20.2,1.0,0.041,0.033,0.055,0,0,3,0,0,0,0,0,0,0.0,0,0,0.0,0,0,0,0.0,0,0,0
69,0022300411,1610612760,Oklahoma City,Thunder,OKC,thunder,1641717,Cason,Wallace,C. Wallace,cason-wallace,,,22,203937,Kyle,Anderson,K. Anderson,kyle-anderson,1,0:32,32.3,2.2,0.059,0.053,0.104,0,0,3,0,0,0,0,0,0,0.0,0,0,0.0,0,0,0,0.0,0,0,0
70,0022300411,1610612760,Oklahoma City,Thunder,OKC,thunder,1641717,Cason,Wallace,C. Wallace,cason-wallace,,,22,201144,Mike,Conley,M. Conley,mike-conley,10,0:59,58.8,5.6,0.101,0.097,0.212,0,0,4,0,0,1,0,0,0,0.0,0,0,0.0,0,0,0,0.0,0,0,0
71,0022300411,1610612760,Oklahoma City,Thunder,OKC,thunder,1641717,Cason,Wallace,C. Wallace,cason-wallace,,,22,1630162,Anthony,Edwards,A. Edwards,anthony-edwards,5,1:05,65.0,4.9,0.081,0.107,0.26,0,0,4,0,0,0,0,0,0,0.0,0,0,0.0,0,0,0,0.0,0,0,0
72,0022300411,1610612760,Oklahoma City,Thunder,OKC,thunder,1641717,Cason,Wallace,C. Wallace,cason-wallace,,,22,203497,Rudy,Gobert,R. Gobert,rudy-gobert,27,0:07,7.5,0.7,0.011,0.012,0.043,0,0,0,0,0,0,0,0,0,0.0,0,0,0.0,0,0,0,0.0,0,0,0
73,0022300411,1610612760,Oklahoma City,Thunder,OKC,thunder,1641717,Cason,Wallace,C. Wallace,cason-wallace,,,22,1630183,Jaden,McDaniels,J. McDaniels,jaden-mcdaniels,3,0:17,16.8,1.3,0.026,0.028,0.105,0,0,3,0,0,0,0,0,1,0.0,0,1,0.0,0,0,0,0.0,0,0,0
74,0022300411,1610612760,Oklahoma City,Thunder,OKC,thunder,1641717,Cason,Wallace,C. Wallace,cason-wallace,,,22,1629162,Jordan,McLaughlin,J. McLaughlin,jordan-mclaughlin,6,2:24,143.8,10.8,0.383,0.237,0.492,0,0,16,0,0,0,0,0,0,0.0,0,0,0.0,0,0,0,0.0,0,0,0
75,0022300411,1610612760,Oklahoma City,Thunder,OKC,thunder,1641717,Cason,Wallace,C. Wallace,cason-wallace,,,22,1629003,Shake,Milton,S. Milton,shake-milton,18,0:33,32.6,1.7,0.28,0.054,0.28,0,3,3,1,0,0,0,1,1,1.0,1,1,1.0,0,0,0,0.0,0,0,0
76,0022300411,1610612760,Oklahoma City,Thunder,OKC,thunder,1641717,Cason,Wallace,C. Wallace,cason-wallace,,,22,1631169,Josh,Minott,J. Minott,josh-minott,8,0:18,18.2,1.3,0.156,0.03,0.156,0,0,2,0,0,0,0,0,0,0.0,0,0,0.0,0,0,0,0.0,0,0,0
77,0022300411,1610612760,Oklahoma City,Thunder,OKC,thunder,1641717,Cason,Wallace,C. Wallace,cason-wallace,,,22,1631111,Wendell,Moore Jr.,W. Moore Jr.,wendell-moore-jr,7,0:24,24.4,1.6,0.21,0.04,0.21,0,0,0,0,0,0,0,0,0,0.0,0,0,0.0,0,0,0,0.0,0,0,0
78,0022300411,1610612760,Oklahoma City,Thunder,OKC,thunder,1641717,Cason,Wallace,C. Wallace,cason-wallace,,,22,1629675,Naz,Reid,N. Reid,naz-reid,11,1:53,113.1,7.7,0.249,0.186,0.28,0,0,10,0,0,0,0,0,1,0.0,0,1,0.0,0,0,0,0.0,0,0,0
79,0022300411,1610612760,Oklahoma City,Thunder,OKC,thunder,1641717,Cason,Wallace,C. Wallace,cason-wallace,,,22,1626157,Karl-Anthony,Towns,K. Towns,karl-anthony-towns,32,0:41,41.3,3.7,0.059,0.068,0.122,0,0,3,0,0,0,0,0,1,0.0,0,1,0.0,0,0,0,0.0,0,0,0
80,0022300411,1610612760,Oklahoma City,Thunder,OKC,thunder,203995,Vasilije,Micic,V. Micic,vasilije-micic,,,29,1629638,Nickeil,Alexander-Walker,N. Alexander-Walker,nickeil-alexander-walker,9,0:21,21.0,1.2,0.043,0.05,0.122,0,0,3,1,0,0,0,0,1,0.0,0,1,0.0,0,0,0,0.0,0,0,0
81,0022300411,1610612760,Oklahoma City,Thunder,OKC,thunder,203995,Vasilije,Micic,V. Micic,vasilije-micic,,,29,203937,Kyle,Anderson,K. Anderson,kyle-anderson,1,0:09,8.6,0.8,0.016,0.021,0.077,0,0,0,0,0,0,0,0,0,0.0,0,0,0.0,0,0,0,0.0,0,0,0
82,0022300411,1610612760,Oklahoma City,Thunder,OKC,thunder,203995,Vasilije,Micic,V. Micic,vasilije-micic,,,29,201144,Mike,Conley,M. Conley,mike-conley,10,1:52,111.7,7.5,0.192,0.267,0.41,0,0,11,2,0,0,0,0,1,0.0,0,0,0.0,0,0,0,0.0,0,0,0
83,0022300411,1610612760,Oklahoma City,Thunder,OKC,thunder,203995,Vasilije,Micic,V. Micic,vasilije-micic,,,29,1630162,Anthony,Edwards,A. Edwards,anthony-edwards,5,0:17,17.5,2.2,0.022,0.042,0.281,0,0,2,0,0,0,0,0,1,0.0,0,1,0.0,0,0,0,0.0,0,0,0
84,0022300411,1610612760,Oklahoma City,Thunder,OKC,thunder,203995,Vasilije,Micic,V. Micic,vasilije-micic,,,29,203497,Rudy,Gobert,R. Gobert,rudy-gobert,27,0:20,19.8,1.2,0.029,0.047,0.137,0,0,0,0,0,0,0,0,0,0.0,0,0,0.0,0,0,0,0.0,0,0,0
85,0022300411,1610612760,Oklahoma City,Thunder,OKC,thunder,203995,Vasilije,Micic,V. Micic,vasilije-micic,,,29,1630183,Jaden,McDaniels,J. McDaniels,jaden-mcdaniels,3,0:38,37.9,3.1,0.058,0.091,0.213,0,0,5,1,0,0,0,0,1,0.0,0,0,0.0,0,0,0,0.0,0,0,0
86,0022300411,1610612760,Oklahoma City,Thunder,OKC,thunder,203995,Vasilije,Micic,V. Micic,vasilije-micic,,,29,1629162,Jordan,McLaughlin,J. McLaughlin,jordan-mclaughlin,6,0:34,34.5,2.4,0.092,0.082,0.138,0,0,0,0,0,0,0,0,1,0.0,0,1,0.0,0,0,0,0.0,0,0,0
87,0022300411,1610612760,Oklahoma City,Thunder,OKC,thunder,203995,Vasilije,Micic,V. Micic,vasilije-micic,,,29,1631159,Leonard,Miller,L. Miller,leonard-miller,33,0:03,2.9,0.3,0.025,0.007,0.025,0,0,3,0,0,0,0,0,0,0.0,0,0,0.0,0,0,0,0.0,0,0,0
88,0022300411,1610612760,Oklahoma City,Thunder,OKC,thunder,203995,Vasilije,Micic,V. Micic,vasilije-micic,,,29,1629003,Shake,Milton,S. Milton,shake-milton,18,0:13,13.5,0.7,0.116,0.032,0.116,0,0,3,0,0,0,0,0,0,0.0,0,0,0.0,0,0,0,0.0,0,0,0
89,0022300411,1610612760,Oklahoma City,Thunder,OKC,thunder,203995,Vasilije,Micic,V. Micic,vasilije-micic,,,29,1631169,Josh,Minott,J. Minott,josh-minott,8,0:08,8.2,0.3,0.071,0.02,0.071,0,0,0,0,0,0,0,0,0,0.0,0,0,0.0,0,0,0,0.0,0,0,0
90,0022300411,1610612760,Oklahoma City,Thunder,OKC,thunder,203995,Vasilije,Micic,V. Micic,vasilije-micic,,,29,1631111,Wendell,Moore Jr.,W. Moore Jr.,wendell-moore-jr,7,0:54,54.2,4.4,0.466,0.129,0.466,0,0,2,0,0,0,0,0,1,0.0,0,1,0.0,0,0,0,0.0,0,0,0
91,0022300411,1610612760,Oklahoma City,Thunder,OKC,thunder,203995,Vasilije,Micic,V. Micic,vasilije-micic,,,29,1629675,Naz,Reid,N. Reid,naz-reid,11,0:57,57.2,4.2,0.126,0.137,0.228,0,2,4,2,0,0,0,1,1,1.0,0,0,0.0,0,0,0,0.0,0,0,0
92,0022300411,1610612760,Oklahoma City,Thunder,OKC,thunder,203995,Vasilije,Micic,V. Micic,vasilije-micic,,,29,1626157,Karl-Anthony,Towns,K. Towns,karl-anthony-towns,32,0:15,15.0,1.0,0.021,0.036,0.084,0,0,0,0,0,0,0,0,0,0.0,0,0,0.0,0,0,0,0.0,0,0,0
93,0022300411,1610612760,Oklahoma City,Thunder,OKC,thunder,1630598,Aaron,Wiggins,A. Wiggins,aaron-wiggins,,,21,1629638,Nickeil,Alexander-Walker,N. Alexander-Walker,nickeil-alexander-walker,9,0:07,7.2,0.6,0.015,0.02,0.048,0,0,0,0,0,0,0,0,0,0.0,0,0,0.0,0,0,0,0.0,0,0,0
94,0022300411,1610612760,Oklahoma City,Thunder,OKC,thunder,1630598,Aaron,Wiggins,A. Wiggins,aaron-wiggins,,,21,203937,Kyle,Anderson,K. Anderson,kyle-anderson,1,0:16,16.4,0.8,0.03,0.046,0.199,0,0,2,0,0,0,0,0,0,0.0,0,0,0.0,0,0,0,0.0,0,0,0
95,0022300411,1610612760,Oklahoma City,Thunder,OKC,thunder,1630598,Aaron,Wiggins,A. Wiggins,aaron-wiggins,,,21,201144,Mike,Conley,M. Conley,mike-conley,10,0:36,36.4,2.3,0.062,0.102,0.151,0,0,3,0,0,0,0,0,0,0.0,0,0,0.0,0,0,0,0.0,0,0,0
96,0022300411,1610612760,Oklahoma City,Thunder,OKC,thunder,1630598,Aaron,Wiggins,A. Wiggins,aaron-wiggins,,,21,203497,Rudy,Gobert,R. Gobert,rudy-gobert,27,0:18,18.4,1.0,0.027,0.052,0.177,0,0,2,1,0,0,0,0,0,0.0,0,0,0.0,0,0,0,0.0,0,0,0
97,0022300411,1610612760,Oklahoma City,Thunder,OKC,thunder,1630598,Aaron,Wiggins,A. Wiggins,aaron-wiggins,,,21,1630183,Jaden,McDaniels,J. McDaniels,jaden-mcdaniels,3,0:36,36.3,2.4,0.056,0.102,0.264,0,0,3,0,0,0,0,0,0,0.0,0,0,0.0,0,0,0,0.0,0,0,0
98,0022300411,1610612760,Oklahoma City,Thunder,OKC,thunder,1630598,Aaron,Wiggins,A. Wiggins,aaron-wiggins,,,21,1629162,Jordan,McLaughlin,J. McLaughlin,jordan-mclaughlin,6,0:57,57.0,4.9,0.152,0.16,0.277,0,3,5,0,0,0,0,1,1,1.0,1,1,1.0,0,0,0,0.0,0,0,0
99,0022300411,1610612760,Oklahoma City,Thunder,OKC,thunder,1630598,Aaron,Wiggins,A. Wiggins,aaron-wiggins,,,21,1631159,Leonard,Miller,L. Miller,leonard-miller,33,0:10,10.1,1.0,0.087,0.028,0.087,0,0,0,0,0,0,0,0,0,0.0,0,0,0.0,0,0,0,0.0,0,0,0
100,0022300411,1610612760,Oklahoma City,Thunder,OKC,thunder,1630598,Aaron,Wiggins,A. Wiggins,aaron-wiggins,,,21,1629003,Shake,Milton,S. Milton,shake-milton,18,0:29,29.2,1.8,0.251,0.082,0.251,0,0,0,0,0,0,0,0,0,0.0,0,0,0.0,0,0,0,0.0,0,0,0
101,0022300411,1610612760,Oklahoma City,Thunder,OKC,thunder,1630598,Aaron,Wiggins,A. Wiggins,aaron-wiggins,,,21,1631169,Josh,Minott,J. Minott,josh-minott,8,0:29,29.1,2.3,0.25,0.082,0.25,0,0,3,0,0,0,0,0,0,0.0,0,0,0.0,0,0,0,0.0,0,0,0
102,0022300411,1610612760,Oklahoma City,Thunder,OKC,thunder,1630598,Aaron,Wiggins,A. Wiggins,aaron-wiggins,,,21,1631111,Wendell,Moore Jr.,W. Moore Jr.,wendell-moore-jr,7,0:24,24.3,1.2,0.209,0.068,0.209,0,0,3,0,0,0,0,0,0,0.0,0,0,0.0,0,0,0,0.0,0,0,0
103,0022300411,1610612760,Oklahoma City,Thunder,OKC,thunder,1630598,Aaron,Wiggins,A. Wiggins,aaron-wiggins,,,21,1629675,Naz,Reid,N. Reid,naz-reid,11,0:40,39.5,3.1,0.087,0.111,0.165,0,0,3,0,0,0,0,0,1,0.0,0,1,0.0,0,0,0,0.0,0,0,0
104,0022300411,1610612760,Oklahoma City,Thunder,OKC,thunder,1630598,Aaron,Wiggins,A. Wiggins,aaron-wiggins,,,21,1626157,Karl-Anthony,Towns,K. Towns,karl-anthony-towns,32,0:59,59.4,3.8,0.084,0.167,0.381,0,0,8,0,0,0,0,0,0,0.0,0,0,0.0,0,0,0,0.0,0,0,0
105,0022300411,1610612760,Oklahoma City,Thunder,OKC,thunder,1631119,Jaylin,Williams,J. Williams,jaylin-williams,,,6,1629162,Jordan,McLaughlin,J. McLaughlin,jordan-mclaughlin,6,0:11,11.2,0.5,0.03,0.097,0.097,0,0,3,0,0,0,0,0,0,0.0,0,0,0.0,0,0,0,0.0,0,0,0
106,0022300411,1610612760,Oklahoma City,Thunder,OKC,thunder,1631119,Jaylin,Williams,J. Williams,jaylin-williams,,,6,1631159,Leonard,Miller,L. Miller,leonard-miller,33,0:40,40.2,3.6,0.346,0.346,0.346,0,0,2,1,0,0,0,0,0,0.0,0,0,0.0,0,0,0,0.0,0,0,0
107,0022300411,1610612760,Oklahoma City,Thunder,OKC,thunder,1631119,Jaylin,Williams,J. Williams,jaylin-williams,,,6,1629003,Shake,Milton,S. Milton,shake-milton,18,0:15,15.4,1.2,0.132,0.132,0.132,0,0,0,0,0,0,0,0,0,0.0,0,0,0.0,0,0,0,0.0,0,0,0
108,0022300411,1610612760,Oklahoma City,Thunder,OKC,thunder,1631119,Jaylin,Williams,J. Williams,jaylin-williams,,,6,1631169,Josh,Minott,J. Minott,josh-minott,8,0:40,40.2,2.1,0.346,0.346,0.346,0,0,3,0,0,0,0,0,0,0.0,0,0,0.0,0,0,0,0.0,0,0,0
109,0022300411,1610612760,Oklahoma City,Thunder,OKC,thunder,1631119,Jaylin,Williams,J. Williams,jaylin-williams,,,6,1631111,Wendell,Moore Jr.,W. Moore Jr.,wendell-moore-jr,7,0:12,12.0,0.7,0.104,0.104,0.104,0,0,3,0,0,0,0,0,0,0.0,0,0,0.0,0,0,0,0.0,0,0,0
110,0022300411,1610612760,Oklahoma City,Thunder,OKC,thunder,1630544,Tre,Mann,T. Mann,tre-mann,,,23,1631159,Leonard,Miller,L. Miller,leonard-miller,33,0:24,23.6,1.0,0.203,0.544,0.544,0,0,0,0,0,0,0,0,0,0.0,0,0,0.0,0,0,0,0.0,0,0,0
111,0022300411,1610612760,Oklahoma City,Thunder,OKC,thunder,1630544,Tre,Mann,T. Mann,tre-mann,,,23,1629003,Shake,Milton,S. Milton,shake-milton,18,0:05,4.8,0.5,0.042,0.111,0.111,0,0,0,0,0,0,0,0,0,0.0,0,0,0.0,0,0,0,0.0,0,0,0
112,0022300411,1610612760,Oklahoma City,Thunder,OKC,thunder,1630544,Tre,Mann,T. Mann,tre-mann,,,23,1631169,Josh,Minott,J. Minott,josh-minott,8,0:14,13.6,1.4,0.117,0.313,0.313,0,0,0,0,0,0,0,0,0,0.0,0,0,0.0,0,0,0,0.0,0,0,0
113,0022300411,1610612750,Minnesota,Timberwolves,MIN,timberwolves,1630183,Jaden,McDaniels,J. McDaniels,jaden-mcdaniels,F,,3,1629652,Luguentz,Dort,L. Dort,luguentz-dort,5,0:52,52.5,5.8,0.063,0.078,0.097,0,4,8,0,0,0,0,1,2,0.5,0,0,0.0,0,0,0,0.0,2,2,1
114,0022300411,1610612750,Minnesota,Timberwolves,MIN,timberwolves,1630183,Jaden,McDaniels,J. McDaniels,jaden-mcdaniels,F,,3,1630581,Josh,Giddey,J. Giddey,josh-giddey,3,3:49,229.2,19.7,0.367,0.339,0.507,0,0,23,1,0,0,0,0,2,0.0,0,1,0.0,0,0,0,0.0,0,0,0
115,0022300411,1610612750,Minnesota,Timberwolves,MIN,timberwolves,1630183,Jaden,McDaniels,J. McDaniels,jaden-mcdaniels,F,,3,1628983,Shai,Gilgeous-Alexander,S. Gilgeous-Alexander,shai-gilgeous-alexander,2,2:13,132.7,12.1,0.159,0.196,0.251,0,0,2,0,0,0,0,0,1,0.0,0,1,0.0,0,0,0,0.0,0,0,0
116,0022300411,1610612750,Minnesota,Timberwolves,MIN,timberwolves,1630183,Jaden,McDaniels,J. McDaniels,jaden-mcdaniels,F,,3,1631096,Chet,Holmgren,C. Holmgren,chet-holmgren,7,0:19,19.0,1.2,0.026,0.028,0.03,0,4,4,0,0,0,0,2,2,1.0,0,0,0.0,0,0,0,0.0,0,0,0
117,0022300411,1610612750,Minnesota,Timberwolves,MIN,timberwolves,1630183,Jaden,McDaniels,J. McDaniels,jaden-mcdaniels,F,,3,1630198,Isaiah,Joe,I. Joe,isaiah-joe,11,0:25,24.5,2.0,0.059,0.036,0.112,0,0,1,0,0,0,0,0,0,0.0,0,0,0.0,0,0,0,0.0,0,0,0
118,0022300411,1610612750,Minnesota,Timberwolves,MIN,timberwolves,1630183,Jaden,McDaniels,J. McDaniels,jaden-mcdaniels,F,,3,203995,Vasilije,Micic,V. Micic,vasilije-micic,29,0:52,52.1,3.5,0.142,0.077,0.305,0,0,2,0,0,1,0,0,0,0.0,0,0,0.0,0,0,0,0.0,0,0,0
119,0022300411,1610612750,Minnesota,Timberwolves,MIN,timberwolves,1630183,Jaden,McDaniels,J. McDaniels,jaden-mcdaniels,F,,3,1641717,Cason,Wallace,C. Wallace,cason-wallace,22,0:24,23.5,1.3,0.043,0.035,0.16,0,0,3,0,0,0,0,0,1,0.0,0,1,0.0,0,0,0,0.0,0,0,0
120,0022300411,1610612750,Minnesota,Timberwolves,MIN,timberwolves,1630183,Jaden,McDaniels,J. McDaniels,jaden-mcdaniels,F,,3,1630598,Aaron,Wiggins,A. Wiggins,aaron-wiggins,21,0:55,54.9,4.5,0.169,0.081,0.402,0,0,3,0,0,0,0,0,1,0.0,0,0,0.0,0,0,0,0.0,0,0,0
121,0022300411,1610612750,Minnesota,Timberwolves,MIN,timberwolves,1630183,Jaden,McDaniels,J. McDaniels,jaden-mcdaniels,F,,3,1631114,Jalen,Williams,J. Williams,jalen-williams,8,0:55,54.5,3.6,0.085,0.081,0.107,0,0,2,0,0,0,0,0,1,0.0,0,0,0.0,0,0,0,0.0,0,0,0
122,0022300411,1610612750,Minnesota,Timberwolves,MIN,timberwolves,1630183,Jaden,McDaniels,J. McDaniels,jaden-mcdaniels,F,,3,1629026,Kenrich,Williams,K. Williams,kenrich-williams,34,0:04,4.3,0.3,0.011,0.006,0.085,0,0,0,0,0,0,0,0,0,0.0,0,0,0.0,0,0,0,0.0,0,0,0
123,0022300411,1610612750,Minnesota,Timberwolves,MIN,timberwolves,1626157,Karl-Anthony,Towns,K. Towns,karl-anthony-towns,F,,32,1629652,Luguentz,Dort,L. Dort,luguentz-dort,5,0:37,36.5,2.7,0.044,0.053,0.066,0,0,5,1,0,0,0,0,0,0.0,0,0,0.0,0,0,0,0.0,0,0,0
124,0022300411,1610612750,Minnesota,Timberwolves,MIN,timberwolves,1626157,Karl-Anthony,Towns,K. Towns,karl-anthony-towns,F,,32,1630581,Josh,Giddey,J. Giddey,josh-giddey,3,0:21,21.4,3.0,0.034,0.031,0.066,0,0,0,0,0,0,0,0,0,0.0,0,0,0.0,0,0,0,0.0,0,0,0
125,0022300411,1610612750,Minnesota,Timberwolves,MIN,timberwolves,1626157,Karl-Anthony,Towns,K. Towns,karl-anthony-towns,F,,32,1628983,Shai,Gilgeous-Alexander,S. Gilgeous-Alexander,shai-gilgeous-alexander,2,0:59,58.8,4.8,0.071,0.085,0.106,0,3,4,0,0,1,0,1,1,1.0,0,0,0.0,0,0,0,0.0,1,1,1
126,0022300411,1610612750,Minnesota,Timberwolves,MIN,timberwolves,1626157,Karl-Anthony,Towns,K. Towns,karl-anthony-towns,F,,32,1631096,Chet,Holmgren,C. Holmgren,chet-holmgren,7,0:26,26.1,2.9,0.036,0.038,0.066,0,2,3,0,0,1,1,0,1,0.0,0,1,0.0,0,0,0,0.0,2,2,1
127,0022300411,1610612750,Minnesota,Timberwolves,MIN,timberwolves,1626157,Karl-Anthony,Towns,K. Towns,karl-anthony-towns,F,,32,1630198,Isaiah,Joe,I. Joe,isaiah-joe,11,0:14,13.6,1.1,0.033,0.02,0.057,0,3,3,0,0,1,0,1,1,1.0,0,0,0.0,0,0,0,0.0,1,1,1
128,0022300411,1610612750,Minnesota,Timberwolves,MIN,timberwolves,1626157,Karl-Anthony,Towns,K. Towns,karl-anthony-towns,F,,32,203995,Vasilije,Micic,V. Micic,vasilije-micic,29,0:04,4.4,0.3,0.012,0.006,0.031,0,2,2,0,0,0,0,0,0,0.0,0,0,0.0,0,0,0,0.0,2,2,1
129,0022300411,1610612750,Minnesota,Timberwolves,MIN,timberwolves,1626157,Karl-Anthony,Towns,K. Towns,karl-anthony-towns,F,,32,1641717,Cason,Wallace,C. Wallace,cason-wallace,22,0:49,48.5,4.2,0.089,0.07,0.166,0,2,8,0,0,1,0,1,2,0.5,0,0,0.0,0,0,0,0.0,0,0,0
130,0022300411,1610612750,Minnesota,Timberwolves,MIN,timberwolves,1626157,Karl-Anthony,Towns,K. Towns,karl-anthony-towns,F,,32,1630598,Aaron,Wiggins,A. Wiggins,aaron-wiggins,21,0:13,13.0,1.0,0.04,0.019,0.098,0,2,2,0,0,0,0,1,2,0.5,0,0,0.0,0,0,0,0.0,0,0,0
131,0022300411,1610612750,Minnesota,Timberwolves,MIN,timberwolves,1626157,Karl-Anthony,Towns,K. Towns,karl-anthony-towns,F,,32,1631114,Jalen,Williams,J. Williams,jalen-williams,8,5:48,348.3,30.2,0.545,0.505,0.67,0,4,27,0,0,1,0,2,5,0.4,0,1,0.0,0,0,0,0.0,0,0,0
132,0022300411,1610612750,Minnesota,Timberwolves,MIN,timberwolves,1626157,Karl-Anthony,Towns,K. Towns,karl-anthony-towns,F,,32,1629026,Kenrich,Williams,K. Williams,kenrich-williams,34,3:06,186.3,16.2,0.491,0.27,0.636,0,4,22,0,0,3,0,2,4,0.5,0,0,0.0,0,0,0,0.0,0,0,0
133,0022300411,1610612750,Minnesota,Timberwolves,MIN,timberwolves,203497,Rudy,Gobert,R. Gobert,rudy-gobert,C,,27,1629652,Luguentz,Dort,L. Dort,luguentz-dort,5,1:03,62.9,5.5,0.075,0.087,0.099,0,0,9,0,0,0,0,0,0,0.0,0,0,0.0,0,0,0,0.0,0,0,0
134,0022300411,1610612750,Minnesota,Timberwolves,MIN,timberwolves,203497,Rudy,Gobert,R. Gobert,rudy-gobert,C,,27,1630581,Josh,Giddey,J. Giddey,josh-giddey,3,0:31,31.1,2.2,0.05,0.043,0.062,0,1,3,0,0,0,0,0,0,0.0,0,0,0.0,0,0,0,0.0,1,2,1
135,0022300411,1610612750,Minnesota,Timberwolves,MIN,timberwolves,203497,Rudy,Gobert,R. Gobert,rudy-gobert,C,,27,1628983,Shai,Gilgeous-Alexander,S. Gilgeous-Alexander,shai-gilgeous-alexander,2,1:25,84.6,5.7,0.102,0.118,0.136,0,0,9,0,0,0,0,0,0,0.0,0,0,0.0,0,0,0,0.0,0,0,0
136,0022300411,1610612750,Minnesota,Timberwolves,MIN,timberwolves,203497,Rudy,Gobert,R. Gobert,rudy-gobert,C,,27,1631096,Chet,Holmgren,C. Holmgren,chet-holmgren,7,8:18,498.2,41.5,0.685,0.692,0.735,0,7,41,0,0,0,0,2,5,0.4,0,1,0.0,0,0,0,0.0,3,4,2
137,0022300411,1610612750,Minnesota,Timberwolves,MIN,timberwolves,203497,Rudy,Gobert,R. Gobert,rudy-gobert,C,,27,1630198,Isaiah,Joe,I. Joe,isaiah-joe,11,0:25,25.0,1.8,0.06,0.035,0.117,0,0,0,0,0,1,0,0,0,0.0,0,0,0.0,0,0,0,0.0,0,0,0
138,0022300411,1610612750,Minnesota,Timberwolves,MIN,timberwolves,203497,Rudy,Gobert,R. Gobert,rudy-gobert,C,,27,203995,Vasilije,Micic,V. Micic,vasilije-micic,29,0:10,9.6,0.6,0.026,0.013,0.08,0,0,0,0,0,0,0,0,1,0.0,0,0,0.0,0,0,0,0.0,0,0,0
139,0022300411,1610612750,Minnesota,Timberwolves,MIN,timberwolves,203497,Rudy,Gobert,R. Gobert,rudy-gobert,C,,27,1641717,Cason,Wallace,C. Wallace,cason-wallace,22,0:14,14.3,0.9,0.026,0.02,0.096,0,0,0,0,0,0,0,0,0,0.0,0,0,0.0,0,0,0,0.0,0,0,0
140,0022300411,1610612750,Minnesota,Timberwolves,MIN,timberwolves,203497,Rudy,Gobert,R. Gobert,rudy-gobert,C,,27,1630598,Aaron,Wiggins,A. Wiggins,aaron-wiggins,21,0:14,14.4,0.9,0.044,0.02,0.166,0,0,0,0,0,0,0,0,0,0.0,0,0,0.0,0,0,0,0.0,0,0,0
141,0022300411,1610612750,Minnesota,Timberwolves,MIN,timberwolves,203497,Rudy,Gobert,R. Gobert,rudy-gobert,C,,27,1631114,Jalen,Williams,J. Williams,jalen-williams,8,0:39,39.5,2.9,0.062,0.055,0.078,0,0,4,0,0,0,0,0,0,0.0,0,0,0.0,0,0,0,0.0,0,0,0
142,0022300411,1610612750,Minnesota,Timberwolves,MIN,timberwolves,203497,Rudy,Gobert,R. Gobert,rudy-gobert,C,,27,1629026,Kenrich,Williams,K. Williams,kenrich-williams,34,0:21,21.2,2.8,0.056,0.029,0.246,0,0,6,0,0,0,0,0,0,0.0,0,0,0.0,0,0,0,0.0,0,0,0
143,0022300411,1610612750,Minnesota,Timberwolves,MIN,timberwolves,1630162,Anthony,Edwards,A. Edwards,anthony-edwards,G,,5,1629652,Luguentz,Dort,L. Dort,luguentz-dort,5,9:10,550.2,46.4,0.658,0.652,0.658,0,12,41,2,0,2,1,4,10,0.4,2,4,0.5,0,0,0,0.0,2,3,2
144,0022300411,1610612750,Minnesota,Timberwolves,MIN,timberwolves,1630162,Anthony,Edwards,A. Edwards,anthony-edwards,G,,5,1630581,Josh,Giddey,J. Giddey,josh-giddey,3,0:36,36.5,2.6,0.058,0.043,0.065,0,4,6,0,0,0,0,1,2,0.5,0,0,0.0,0,0,0,0.0,2,2,1
145,0022300411,1610612750,Minnesota,Timberwolves,MIN,timberwolves,1630162,Anthony,Edwards,A. Edwards,anthony-edwards,G,,5,1628983,Shai,Gilgeous-Alexander,S. Gilgeous-Alexander,shai-gilgeous-alexander,2,1:34,93.7,10.1,0.112,0.111,0.112,0,6,14,0,0,1,0,2,3,0.667,1,1,1.0,0,0,0,0.0,1,2,1
146,0022300411,1610612750,Minnesota,Timberwolves,MIN,timberwolves,1630162,Anthony,Edwards,A. Edwards,anthony-edwards,G,,5,1631096,Chet,Holmgren,C. Holmgren,chet-holmgren,7,0:58,58.1,4.4,0.08,0.069,0.091,0,5,8,1,0,0,0,2,5,0.4,0,1,0.0,0,0,0,0.0,1,2,1
147,0022300411,1610612750,Minnesota,Timberwolves,MIN,timberwolves,1630162,Anthony,Edwards,A. Edwards,anthony-edwards,G,,5,1630198,Isaiah,Joe,I. Joe,isaiah-joe,11,0:11,11.4,1.5,0.027,0.014,0.027,0,0,0,0,0,0,0,0,0,0.0,0,0,0.0,0,0,0,0.0,0,0,0
148,0022300411,1610612750,Minnesota,Timberwolves,MIN,timberwolves,1630162,Anthony,Edwards,A. Edwards,anthony-edwards,G,,5,203995,Vasilije,Micic,V. Micic,vasilije-micic,29,0:01,1.3,1.0,0.003,0.002,0.031,0,0,0,0,0,1,0,0,0,0.0,0,0,0.0,0,0,0,0.0,0,0,0
149,0022300411,1610612750,Minnesota,Timberwolves,MIN,timberwolves,1630162,Anthony,Edwards,A. Edwards,anthony-edwards,G,,5,1641717,Cason,Wallace,C. Wallace,cason-wallace,22,0:59,59.4,5.6,0.108,0.07,0.266,0,0,9,2,0,0,0,0,0,0.0,0,0,0.0,0,0,0,0.0,0,0,0
150,0022300411,1610612750,Minnesota,Timberwolves,MIN,timberwolves,1630162,Anthony,Edwards,A. Edwards,anthony-edwards,G,,5,1631114,Jalen,Williams,J. Williams,jalen-williams,8,0:23,23.0,2.1,0.036,0.027,0.055,0,2,3,0,0,0,0,1,2,0.5,0,0,0.0,0,0,0,0.0,0,0,0
151,0022300411,1610612750,Minnesota,Timberwolves,MIN,timberwolves,1630162,Anthony,Edwards,A. Edwards,anthony-edwards,G,,5,1629026,Kenrich,Williams,K. Williams,kenrich-williams,34,0:48,48.3,3.0,0.127,0.057,0.196,0,0,3,1,0,1,0,0,1,0.0,0,0,0.0,0,0,0,0.0,0,0,0
152,0022300411,1610612750,Minnesota,Timberwolves,MIN,timberwolves,201144,Mike,Conley,M. Conley,mike-conley,G,,10,1629652,Luguentz,Dort,L. Dort,luguentz-dort,5,0:16,15.7,1.2,0.019,0.026,0.04,0,0,1,0,0,0,0,0,0,0.0,0,0,0.0,0,0,0,0.0,0,0,0
153,0022300411,1610612750,Minnesota,Timberwolves,MIN,timberwolves,201144,Mike,Conley,M. Conley,mike-conley,G,,10,1630581,Josh,Giddey,J. Giddey,josh-giddey,3,0:30,29.8,4.6,0.048,0.049,0.082,0,2,4,0,0,0,0,1,1,1.0,0,0,0.0,0,0,0,0.0,0,0,0
154,0022300411,1610612750,Minnesota,Timberwolves,MIN,timberwolves,201144,Mike,Conley,M. Conley,mike-conley,G,,10,1628983,Shai,Gilgeous-Alexander,S. Gilgeous-Alexander,shai-gilgeous-alexander,2,3:51,231.0,16.8,0.277,0.377,0.603,0,9,20,3,0,0,1,3,4,0.75,3,3,1.0,0,0,0,0.0,0,0,0
155,0022300411,1610612750,Minnesota,Timberwolves,MIN,timberwolves,201144,Mike,Conley,M. Conley,mike-conley,G,,10,1631096,Chet,Holmgren,C. Holmgren,chet-holmgren,7,0:14,14.1,1.2,0.019,0.023,0.031,0,0,3,0,0,0,0,0,1,0.0,0,0,0.0,0,0,0,0.0,0,0,0
156,0022300411,1610612750,Minnesota,Timberwolves,MIN,timberwolves,201144,Mike,Conley,M. Conley,mike-conley,G,,10,1630198,Isaiah,Joe,I. Joe,isaiah-joe,11,0:17,16.5,0.9,0.039,0.027,0.351,0,0,0,0,0,0,0,0,0,0.0,0,0,0.0,0,0,0,0.0,0,0,0
157,0022300411,1610612750,Minnesota,Timberwolves,MIN,timberwolves,201144,Mike,Conley,M. Conley,mike-conley,G,,10,203995,Vasilije,Micic,V. Micic,vasilije-micic,29,0:35,34.9,2.6,0.095,0.057,0.138,0,0,3,0,0,0,0,0,1,0.0,0,1,0.0,0,0,0,0.0,0,0,0
158,0022300411,1610612750,Minnesota,Timberwolves,MIN,timberwolves,201144,Mike,Conley,M. Conley,mike-conley,G,,10,1641717,Cason,Wallace,C. Wallace,cason-wallace,22,1:44,103.5,9.7,0.189,0.169,0.398,0,3,8,0,0,0,0,1,2,0.5,1,2,0.5,0,0,0,0.0,0,0,0
159,0022300411,1610612750,Minnesota,Timberwolves,MIN,timberwolves,201144,Mike,Conley,M. Conley,mike-conley,G,,10,1630598,Aaron,Wiggins,A. Wiggins,aaron-wiggins,21,0:48,48.0,3.9,0.148,0.078,0.219,0,3,6,0,0,0,0,1,1,1.0,1,1,1.0,0,0,0,0.0,0,0,0
160,0022300411,1610612750,Minnesota,Timberwolves,MIN,timberwolves,201144,Mike,Conley,M. Conley,mike-conley,G,,10,1631114,Jalen,Williams,J. Williams,jalen-williams,8,0:50,50.2,4.4,0.079,0.082,0.094,0,0,10,1,0,0,0,0,0,0.0,0,0,0.0,0,0,0,0.0,0,0,0
161,0022300411,1610612750,Minnesota,Timberwolves,MIN,timberwolves,201144,Mike,Conley,M. Conley,mike-conley,G,,10,1629026,Kenrich,Williams,K. Williams,kenrich-williams,34,0:06,5.9,0.4,0.016,0.01,0.038,0,0,0,0,0,0,0,0,0,0.0,0,0,0.0,0,0,0,0.0,0,0,0
162,0022300411,1610612750,Minnesota,Timberwolves,MIN,timberwolves,1629638,Nickeil,Alexander-Walker,N. Alexander-Walker,nickeil-alexander-walker,,,9,1629652,Luguentz,Dort,L. Dort,luguentz-dort,5,0:42,41.8,3.7,0.05,0.093,0.131,0,3,5,0,0,0,0,1,1,1.0,1,1,1.0,0,0,0,0.0,0,0,0
163,0022300411,1610612750,Minnesota,Timberwolves,MIN,timberwolves,1629638,Nickeil,Alexander-Walker,N. Alexander-Walker,nickeil-alexander-walker,,,9,1630581,Josh,Giddey,J. Giddey,josh-giddey,3,0:55,55.5,4.9,0.089,0.123,0.434,0,0,5,1,0,0,0,0,0,0.0,0,0,0.0,0,0,0,0.0,0,0,0
164,0022300411,1610612750,Minnesota,Timberwolves,MIN,timberwolves,1629638,Nickeil,Alexander-Walker,N. Alexander-Walker,nickeil-alexander-walker,,,9,1628983,Shai,Gilgeous-Alexander,S. Gilgeous-Alexander,shai-gilgeous-alexander,2,0:35,34.6,2.5,0.042,0.077,0.106,0,0,5,0,0,0,0,0,0,0.0,0,0,0.0,0,0,0,0.0,0,0,0
165,0022300411,1610612750,Minnesota,Timberwolves,MIN,timberwolves,1629638,Nickeil,Alexander-Walker,N. Alexander-Walker,nickeil-alexander-walker,,,9,1631096,Chet,Holmgren,C. Holmgren,chet-holmgren,7,0:21,20.7,1.5,0.028,0.046,0.111,0,0,2,1,0,0,0,0,0,0.0,0,0,0.0,0,0,0,0.0,0,0,0
166,0022300411,1610612750,Minnesota,Timberwolves,MIN,timberwolves,1629638,Nickeil,Alexander-Walker,N. Alexander-Walker,nickeil-alexander-walker,,,9,1630198,Isaiah,Joe,I. Joe,isaiah-joe,11,2:12,132.0,10.8,0.315,0.293,0.53,0,5,12,0,0,0,0,2,2,1.0,1,1,1.0,0,0,0,0.0,0,0,0
167,0022300411,1610612750,Minnesota,Timberwolves,MIN,timberwolves,1629638,Nickeil,Alexander-Walker,N. Alexander-Walker,nickeil-alexander-walker,,,9,203995,Vasilije,Micic,V. Micic,vasilije-micic,29,0:33,33.4,3.2,0.091,0.074,0.253,0,0,1,0,0,0,0,0,0,0.0,0,0,0.0,0,0,0,0.0,0,0,0
168,0022300411,1610612750,Minnesota,Timberwolves,MIN,timberwolves,1629638,Nickeil,Alexander-Walker,N. Alexander-Walker,nickeil-alexander-walker,,,9,1641717,Cason,Wallace,C. Wallace,cason-wallace,22,1:05,64.6,5.7,0.118,0.143,0.211,0,0,5,1,0,0,0,0,0,0.0,0,0,0.0,0,0,0,0.0,0,0,0
169,0022300411,1610612750,Minnesota,Timberwolves,MIN,timberwolves,1629638,Nickeil,Alexander-Walker,N. Alexander-Walker,nickeil-alexander-walker,,,9,1630598,Aaron,Wiggins,A. Wiggins,aaron-wiggins,21,0:40,40.3,3.1,0.124,0.089,0.324,0,0,6,0,0,0,0,0,0,0.0,0,0,0.0,0,0,0,0.0,0,0,0
170,0022300411,1610612750,Minnesota,Timberwolves,MIN,timberwolves,1629638,Nickeil,Alexander-Walker,N. Alexander-Walker,nickeil-alexander-walker,,,9,1631114,Jalen,Williams,J. Williams,jalen-williams,8,0:11,10.8,1.1,0.017,0.024,0.061,0,0,0,0,0,0,0,0,0,0.0,0,0,0.0,0,0,0,0.0,0,0,0
171,0022300411,1610612750,Minnesota,Timberwolves,MIN,timberwolves,1629638,Nickeil,Alexander-Walker,N. Alexander-Walker,nickeil-alexander-walker,,,9,1629026,Kenrich,Williams,K. Williams,kenrich-williams,34,0:16,15.8,2.3,0.042,0.035,0.051,0,0,3,0,0,0,0,0,0,0.0,0,0,0.0,0,0,0,0.0,0,0,0
172,0022300411,1610612750,Minnesota,Timberwolves,MIN,timberwolves,203937,Kyle,Anderson,K. Anderson,kyle-anderson,,,1,1629652,Luguentz,Dort,L. Dort,luguentz-dort,5,0:37,36.6,2.5,0.044,0.063,0.075,0,0,5,0,0,0,0,0,0,0.0,0,0,0.0,0,0,0,0.0,0,0,0
173,0022300411,1610612750,Minnesota,Timberwolves,MIN,timberwolves,203937,Kyle,Anderson,K. Anderson,kyle-anderson,,,1,1630581,Josh,Giddey,J. Giddey,josh-giddey,3,1:48,107.8,8.9,0.172,0.186,0.484,0,2,4,0,0,0,0,0,0,0.0,0,0,0.0,0,0,0,0.0,2,2,0
174,0022300411,1610612750,Minnesota,Timberwolves,MIN,timberwolves,203937,Kyle,Anderson,K. Anderson,kyle-anderson,,,1,1628983,Shai,Gilgeous-Alexander,S. Gilgeous-Alexander,shai-gilgeous-alexander,2,1:42,102.2,11.7,0.123,0.176,0.205,0,2,14,0,0,2,0,1,2,0.5,0,0,0.0,0,0,0,0.0,0,0,0
175,0022300411,1610612750,Minnesota,Timberwolves,MIN,timberwolves,203937,Kyle,Anderson,K. Anderson,kyle-anderson,,,1,1631096,Chet,Holmgren,C. Holmgren,chet-holmgren,7,1:02,61.8,5.5,0.085,0.106,0.209,0,2,2,0,0,1,0,1,1,1.0,0,0,0.0,0,0,0,0.0,0,0,0
176,0022300411,1610612750,Minnesota,Timberwolves,MIN,timberwolves,203937,Kyle,Anderson,K. Anderson,kyle-anderson,,,1,1630198,Isaiah,Joe,I. Joe,isaiah-joe,11,1:17,77.3,6.0,0.185,0.133,0.197,0,0,11,1,0,0,0,0,0,0.0,0,0,0.0,0,0,0,0.0,0,0,0
177,0022300411,1610612750,Minnesota,Timberwolves,MIN,timberwolves,203937,Kyle,Anderson,K. Anderson,kyle-anderson,,,1,203995,Vasilije,Micic,V. Micic,vasilije-micic,29,0:23,23.1,1.7,0.063,0.04,0.257,0,0,5,0,0,0,0,0,0,0.0,0,0,0.0,0,0,0,0.0,0,0,0
178,0022300411,1610612750,Minnesota,Timberwolves,MIN,timberwolves,203937,Kyle,Anderson,K. Anderson,kyle-anderson,,,1,1641717,Cason,Wallace,C. Wallace,cason-wallace,22,1:01,61.0,5.6,0.111,0.105,0.207,0,0,6,0,0,0,0,0,0,0.0,0,0,0.0,0,0,0,0.0,0,0,0
179,0022300411,1610612750,Minnesota,Timberwolves,MIN,timberwolves,203937,Kyle,Anderson,K. Anderson,kyle-anderson,,,1,1630598,Aaron,Wiggins,A. Wiggins,aaron-wiggins,21,0:14,14.3,0.9,0.044,0.025,0.174,0,3,3,0,0,0,0,1,1,1.0,0,0,0.0,0,0,0,0.0,1,1,1
180,0022300411,1610612750,Minnesota,Timberwolves,MIN,timberwolves,203937,Kyle,Anderson,K. Anderson,kyle-anderson,,,1,1631114,Jalen,Williams,J. Williams,jalen-williams,8,0:50,50.2,3.8,0.078,0.086,0.244,0,0,0,0,0,0,0,0,1,0.0,0,1,0.0,0,0,0,0.0,0,0,0
181,0022300411,1610612750,Minnesota,Timberwolves,MIN,timberwolves,203937,Kyle,Anderson,K. Anderson,kyle-anderson,,,1,1629026,Kenrich,Williams,K. Williams,kenrich-williams,34,0:14,14.0,1.0,0.037,0.024,0.043,0,0,0,0,0,0,0,0,0,0.0,0,0,0.0,0,0,0,0.0,0,0,0
182,0022300411,1610612750,Minnesota,Timberwolves,MIN,timberwolves,1629675,Naz,Reid,N. Reid,naz-reid,,,11,1629652,Luguentz,Dort,L. Dort,luguentz-dort,5,0:30,30.0,2.2,0.036,0.067,0.13,0,0,0,0,0,0,0,0,1,0.0,0,0,0.0,0,0,0,0.0,0,0,0
183,0022300411,1610612750,Minnesota,Timberwolves,MIN,timberwolves,1629675,Naz,Reid,N. Reid,naz-reid,,,11,1630581,Josh,Giddey,J. Giddey,josh-giddey,3,0:34,33.6,2.1,0.054,0.075,0.327,0,0,0,0,0,1,0,0,0,0.0,0,0,0.0,0,0,0,0.0,0,0,0
184,0022300411,1610612750,Minnesota,Timberwolves,MIN,timberwolves,1629675,Naz,Reid,N. Reid,naz-reid,,,11,1628983,Shai,Gilgeous-Alexander,S. Gilgeous-Alexander,shai-gilgeous-alexander,2,1:18,77.6,6.4,0.093,0.173,0.337,0,3,12,0,0,0,0,1,1,1.0,1,1,1.0,0,0,0,0.0,0,0,0
185,0022300411,1610612750,Minnesota,Timberwolves,MIN,timberwolves,1629675,Naz,Reid,N. Reid,naz-reid,,,11,1631096,Chet,Holmgren,C. Holmgren,chet-holmgren,7,0:25,24.6,1.4,0.034,0.055,0.15,0,0,0,0,0,0,0,0,0,0.0,0,0,0.0,0,0,0,0.0,0,0,0
186,0022300411,1610612750,Minnesota,Timberwolves,MIN,timberwolves,1629675,Naz,Reid,N. Reid,naz-reid,,,11,1630198,Isaiah,Joe,I. Joe,isaiah-joe,11,0:05,4.8,0.4,0.011,0.011,0.037,0,0,0,0,0,1,0,0,1,0.0,0,1,0.0,0,0,0,0.0,0,0,0
187,0022300411,1610612750,Minnesota,Timberwolves,MIN,timberwolves,1629675,Naz,Reid,N. Reid,naz-reid,,,11,203995,Vasilije,Micic,V. Micic,vasilije-micic,29,0:32,32.2,2.4,0.088,0.072,0.133,0,0,3,0,0,1,0,0,0,0.0,0,0,0.0,0,0,0,0.0,0,0,0
188,0022300411,1610612750,Minnesota,Timberwolves,MIN,timberwolves,1629675,Naz,Reid,N. Reid,naz-reid,,,11,1641717,Cason,Wallace,C. Wallace,cason-wallace,22,0:45,44.6,3.3,0.081,0.099,0.117,0,0,0,0,0,0,0,0,0,0.0,0,0,0.0,0,0,0,0.0,0,0,0
189,0022300411,1610612750,Minnesota,Timberwolves,MIN,timberwolves,1629675,Naz,Reid,N. Reid,naz-reid,,,11,1630598,Aaron,Wiggins,A. Wiggins,aaron-wiggins,21,0:27,26.8,2.2,0.083,0.06,0.123,0,0,0,0,0,0,0,0,0,0.0,0,0,0.0,0,0,0,0.0,0,0,0
190,0022300411,1610612750,Minnesota,Timberwolves,MIN,timberwolves,1629675,Naz,Reid,N. Reid,naz-reid,,,11,1631114,Jalen,Williams,J. Williams,jalen-williams,8,1:01,60.8,4.9,0.095,0.135,0.278,0,3,12,0,0,0,0,1,1,1.0,1,1,1.0,0,0,0,0.0,0,0,0
191,0022300411,1610612750,Minnesota,Timberwolves,MIN,timberwolves,1629675,Naz,Reid,N. Reid,naz-reid,,,11,1629026,Kenrich,Williams,K. Williams,kenrich-williams,34,1:10,70.5,6.9,0.186,0.157,0.214,0,0,4,0,0,0,0,0,0,0.0,0,0,0.0,0,0,0,0.0,0,0,0
192,0022300411,1610612750,Minnesota,Timberwolves,MIN,timberwolves,1628972,Troy,Brown Jr.,T. Brown Jr.,troy-brown-jr,,,23,1629652,Luguentz,Dort,L. Dort,luguentz-dort,5,0:02,2.5,0.2,0.003,0.042,0.042,0,0,1,0,0,0,0,0,0,0.0,0,0,0.0,0,0,0,0.0,0,0,0
193,0022300411,1610612750,Minnesota,Timberwolves,MIN,timberwolves,1628972,Troy,Brown Jr.,T. Brown Jr.,troy-brown-jr,,,23,1630581,Josh,Giddey,J. Giddey,josh-giddey,3,0:08,8.5,0.5,0.014,0.145,0.145,0,0,0,0,0,0,0,0,0,0.0,0,0,0.0,0,0,0,0.0,0,0,0
194,0022300411,1610612750,Minnesota,Timberwolves,MIN,timberwolves,1628972,Troy,Brown Jr.,T. Brown Jr.,troy-brown-jr,,,23,1630198,Isaiah,Joe,I. Joe,isaiah-joe,11,0:48,47.9,3.4,0.114,0.818,0.818,0,0,2,1,0,0,0,0,1,0.0,0,1,0.0,0,0,0,0.0,0,0,0
195,0022300411,1610612750,Minnesota,Timberwolves,MIN,timberwolves,1629162,Jordan,McLaughlin,J. McLaughlin,jordan-mclaughlin,,,6,1629652,Luguentz,Dort,L. Dort,luguentz-dort,5,0:07,7.1,0.8,0.009,0.021,0.056,0,2,5,1,0,0,1,1,2,0.5,0,0,0.0,0,0,0,0.0,0,0,0
196,0022300411,1610612750,Minnesota,Timberwolves,MIN,timberwolves,1629162,Jordan,McLaughlin,J. McLaughlin,jordan-mclaughlin,,,6,1630581,Josh,Giddey,J. Giddey,josh-giddey,3,0:07,7.5,0.6,0.012,0.022,0.052,0,0,0,0,0,0,0,0,0,0.0,0,0,0.0,0,0,0,0.0,0,0,0
197,0022300411,1610612750,Minnesota,Timberwolves,MIN,timberwolves,1629162,Jordan,McLaughlin,J. McLaughlin,jordan-mclaughlin,,,6,1628983,Shai,Gilgeous-Alexander,S. Gilgeous-Alexander,shai-gilgeous-alexander,2,0:18,17.5,1.6,0.021,0.052,0.14,0,0,3,0,0,0,0,0,0,0.0,0,0,0.0,0,0,0,0.0,0,0,0
198,0022300411,1610612750,Minnesota,Timberwolves,MIN,timberwolves,1629162,Jordan,McLaughlin,J. McLaughlin,jordan-mclaughlin,,,6,1631096,Chet,Holmgren,C. Holmgren,chet-holmgren,7,0:05,4.7,0.4,0.006,0.014,0.036,0,0,0,0,0,0,0,0,0,0.0,0,0,0.0,0,0,0,0.0,0,0,0
199,0022300411,1610612750,Minnesota,Timberwolves,MIN,timberwolves,1629162,Jordan,McLaughlin,J. McLaughlin,jordan-mclaughlin,,,6,1630198,Isaiah,Joe,I. Joe,isaiah-joe,11,1:05,65.5,6.8,0.156,0.195,0.525,0,0,5,0,0,0,0,0,1,0.0,0,0,0.0,0,0,0,0.0,0,0,0
200,0022300411,1610612750,Minnesota,Timberwolves,MIN,timberwolves,1629162,Jordan,McLaughlin,J. McLaughlin,jordan-mclaughlin,,,6,203995,Vasilije,Micic,V. Micic,vasilije-micic,29,1:25,85.0,7.2,0.232,0.253,0.389,0,0,3,1,0,0,0,0,1,0.0,0,1,0.0,0,0,0,0.0,0,0,0
201,0022300411,1610612750,Minnesota,Timberwolves,MIN,timberwolves,1629162,Jordan,McLaughlin,J. McLaughlin,jordan-mclaughlin,,,6,1641717,Cason,Wallace,C. Wallace,cason-wallace,22,0:49,49.1,3.9,0.09,0.146,0.188,0,0,5,0,0,0,0,0,0,0.0,0,0,0.0,0,0,0,0.0,0,0,0
202,0022300411,1610612750,Minnesota,Timberwolves,MIN,timberwolves,1629162,Jordan,McLaughlin,J. McLaughlin,jordan-mclaughlin,,,6,1630598,Aaron,Wiggins,A. Wiggins,aaron-wiggins,21,0:50,50.1,3.8,0.154,0.149,0.25,0,0,2,0,0,1,0,0,1,0.0,0,0,0.0,0,0,0,0.0,0,0,0
203,0022300411,1610612750,Minnesota,Timberwolves,MIN,timberwolves,1629162,Jordan,McLaughlin,J. McLaughlin,jordan-mclaughlin,,,6,1631114,Jalen,Williams,J. Williams,jalen-williams,8,0:02,1.8,0.1,0.003,0.005,0.017,0,0,0,0,0,0,0,0,0,0.0,0,0,0.0,0,0,0,0.0,0,0,0
204,0022300411,1610612750,Minnesota,Timberwolves,MIN,timberwolves,1629162,Jordan,McLaughlin,J. McLaughlin,jordan-mclaughlin,,,6,1631119,Jaylin,Williams,J. Williams,jaylin-williams,6,0:16,15.6,0.7,0.147,0.046,0.147,0,0,0,0,0,0,0,0,0,0.0,0,0,0.0,0,0,0,0.0,0,0,0
205,0022300411,1610612750,Minnesota,Timberwolves,MIN,timberwolves,1629162,Jordan,McLaughlin,J. McLaughlin,jordan-mclaughlin,,,6,1629026,Kenrich,Williams,K. Williams,kenrich-williams,34,0:13,13.0,1.2,0.034,0.039,0.13,0,0,0,0,0,0,0,0,0,0.0,0,0,0.0,0,0,0,0.0,0,0,0
206,0022300411,1610612750,Minnesota,Timberwolves,MIN,timberwolves,1631159,Leonard,Miller,L. Miller,leonard-miller,,,33,1630581,Josh,Giddey,J. Giddey,josh-giddey,3,0:13,12.6,1.2,0.02,0.12,0.186,0,2,2,0,0,0,0,1,1,1.0,0,0,0.0,0,0,0,0.0,0,0,0
207,0022300411,1610612750,Minnesota,Timberwolves,MIN,timberwolves,1631159,Leonard,Miller,L. Miller,leonard-miller,,,33,1630544,Tre,Mann,T. Mann,tre-mann,23,0:05,5.4,1.0,0.143,0.051,0.143,0,0,0,0,0,0,0,0,0,0.0,0,0,0.0,0,0,0,0.0,0,0,0
208,0022300411,1610612750,Minnesota,Timberwolves,MIN,timberwolves,1631159,Leonard,Miller,L. Miller,leonard-miller,,,33,203995,Vasilije,Micic,V. Micic,vasilije-micic,29,0:16,15.9,0.8,0.043,0.151,0.151,0,0,0,0,0,0,0,0,0,0.0,0,0,0.0,0,0,0,0.0,0,0,0
209,0022300411,1610612750,Minnesota,Timberwolves,MIN,timberwolves,1631159,Leonard,Miller,L. Miller,leonard-miller,,,33,1630598,Aaron,Wiggins,A. Wiggins,aaron-wiggins,21,0:01,1.4,0.3,0.004,0.014,0.014,0,0,0,0,0,0,0,0,0,0.0,0,0,0.0,0,0,0,0.0,0,0,0
210,0022300411,1610612750,Minnesota,Timberwolves,MIN,timberwolves,1631159,Leonard,Miller,L. Miller,leonard-miller,,,33,1631119,Jaylin,Williams,J. Williams,jaylin-williams,6,1:11,70.6,5.9,0.668,0.668,0.668,0,5,5,0,0,0,0,2,2,1.0,1,1,1.0,0,0,0,0.0,0,0,0
211,0022300411,1610612750,Minnesota,Timberwolves,MIN,timberwolves,1631111,Wendell,Moore Jr.,W. Moore Jr.,wendell-moore-jr,,,7,1630581,Josh,Giddey,J. Giddey,josh-giddey,3,0:08,8.1,0.5,0.013,0.077,0.119,0,0,0,0,0,0,0,0,0,0.0,0,0,0.0,0,0,0,0.0,0,0,0
212,0022300411,1610612750,Minnesota,Timberwolves,MIN,timberwolves,1631111,Wendell,Moore Jr.,W. Moore Jr.,wendell-moore-jr,,,7,203995,Vasilije,Micic,V. Micic,vasilije-micic,29,1:03,62.6,5.1,0.171,0.592,0.592,0,0,7,0,0,0,0,0,0,0.0,0,0,0.0,0,0,0,0.0,0,0,0
213,0022300411,1610612750,Minnesota,Timberwolves,MIN,timberwolves,1631111,Wendell,Moore Jr.,W. Moore Jr.,wendell-moore-jr,,,7,1641717,Cason,Wallace,C. Wallace,cason-wallace,22,0:09,9.1,2.2,0.017,0.086,0.086,0,0,0,0,0,1,0,0,0,0.0,0,0,0.0,0,0,0,0.0,0,0,0
214,0022300411,1610612750,Minnesota,Timberwolves,MIN,timberwolves,1631111,Wendell,Moore Jr.,W. Moore Jr.,wendell-moore-jr,,,7,1630598,Aaron,Wiggins,A. Wiggins,aaron-wiggins,21,0:25,24.7,2.0,0.076,0.234,0.234,0,0,0,0,0,1,0,0,0,0.0,0,0,0.0,0,0,0,0.0,0,0,0
215,0022300411,1610612750,Minnesota,Timberwolves,MIN,timberwolves,1631169,Josh,Minott,J. Minott,josh-minott,,,8,1630581,Josh,Giddey,J. Giddey,josh-giddey,3,0:21,20.6,2.0,0.033,0.195,0.303,0,0,3,1,0,0,0,0,0,0.0,0,0,0.0,0,0,0,0.0,0,0,0
216,0022300411,1610612750,Minnesota,Timberwolves,MIN,timberwolves,1631169,Josh,Minott,J. Minott,josh-minott,,,8,1630544,Tre,Mann,T. Mann,tre-mann,23,0:25,24.7,2.0,0.654,0.234,0.654,0,0,0,0,0,0,0,0,0,0.0,0,0,0.0,0,0,0,0.0,0,0,0
217,0022300411,1610612750,Minnesota,Timberwolves,MIN,timberwolves,1631169,Josh,Minott,J. Minott,josh-minott,,,8,1641717,Cason,Wallace,C. Wallace,cason-wallace,22,0:37,36.6,2.5,0.067,0.346,0.346,0,0,2,1,0,0,0,0,0,0.0,0,0,0.0,0,0,0,0.0,0,0,0
218,0022300411,1610612750,Minnesota,Timberwolves,MIN,timberwolves,1631169,Josh,Minott,J. Minott,josh-minott,,,8,1630598,Aaron,Wiggins,A. Wiggins,aaron-wiggins,21,0:12,11.6,1.3,0.036,0.11,0.11,0,0,2,0,0,1,0,0,0,0.0,0,0,0.0,0,0,0,0.0,0,0,0
219,0022300411,1610612750,Minnesota,Timberwolves,MIN,timberwolves,1631169,Josh,Minott,J. Minott,josh-minott,,,8,1631119,Jaylin,Williams,J. Williams,jaylin-williams,6,0:14,14.2,1.4,0.134,0.134,0.134,0,0,2,0,0,0,1,0,1,0.0,0,0,0.0,0,0,0,0.0,0,0,0
220,0022300411,1610612750,Minnesota,Timberwolves,MIN,timberwolves,1629003,Shake,Milton,S. Milton,shake-milton,,,18,1630581,Josh,Giddey,J. Giddey,josh-giddey,3,0:23,23.2,1.6,0.037,0.219,0.341,0,0,0,0,0,0,0,0,0,0.0,0,0,0.0,0,0,0,0.0,0,0,0
221,0022300411,1610612750,Minnesota,Timberwolves,MIN,timberwolves,1629003,Shake,Milton,S. Milton,shake-milton,,,18,1630544,Tre,Mann,T. Mann,tre-mann,23,0:08,7.7,0.4,0.203,0.073,0.203,0,0,2,0,0,0,0,0,0,0.0,0,0,0.0,0,0,0,0.0,0,0,0
222,0022300411,1610612750,Minnesota,Timberwolves,MIN,timberwolves,1629003,Shake,Milton,S. Milton,shake-milton,,,18,203995,Vasilije,Micic,V. Micic,vasilije-micic,29,0:12,11.8,1.7,0.032,0.112,0.112,0,0,0,0,0,0,0,0,0,0.0,0,0,0.0,0,0,0,0.0,0,0,0
223,0022300411,1610612750,Minnesota,Timberwolves,MIN,timberwolves,1629003,Shake,Milton,S. Milton,shake-milton,,,18,1641717,Cason,Wallace,C. Wallace,cason-wallace,22,0:34,33.6,2.3,0.061,0.318,0.318,0,0,0,0,0,0,0,0,0,0.0,0,0,0.0,0,0,0,0.0,0,0,0
224,0022300411,1610612750,Minnesota,Timberwolves,MIN,timberwolves,1629003,Shake,Milton,S. Milton,shake-milton,,,18,1630598,Aaron,Wiggins,A. Wiggins,aaron-wiggins,21,0:25,25.1,2.0,0.077,0.238,0.238,0,0,5,1,0,0,0,0,0,0.0,0,0,0.0,0,0,0,0.0,0,0,0
225,0022300411,1610612750,Minnesota,Timberwolves,MIN,timberwolves,1629003,Shake,Milton,S. Milton,shake-milton,,,18,1631119,Jaylin,Williams,J. Williams,jaylin-williams,6,0:05,5.4,1.0,0.051,0.051,0.051,0,0,0,0,0,0,0,0,0,0.0,0,0,0.0,0,0,0,0.0,0,0,0
